Date,Price
1,18.63
2,18.45
3,18.55
4,18.6
5,18.63
6,18.6
7,18.6
8,18.58
9,18.65
10,18.68
11,18.75
12,18.78
13,18.65
14,18.75
15,18.78
16,18.78
17,18.68
18,18.78
19,18.9
20,19.03
21,19.05
22,19.05
23,19.1
24,18.9
25,18.75
26,18.7
27,19.08
28,19.15
29,19.08
30,18.98
31,19.25
32,19.33
33,19.48
34,19.5
35,19.48
36,19.68
37,19.73
38,19.83
39,19.88
40,20.28
41,20.4
42,20.63
43,20.55
44,20.35
45,20.33
46,20.15
47,19.58
48,19.3
49,19.78
50,19.98
51,20.2
52,20.03
53,20.95
54,20.65
55,19.8
56,19.75
57,19.65
58,19.43
59,19.45
60,19.5
61,19.4
62,19.25
63,18.85
64,18.75
65,18.5
66,18.3
67,18.1
68,17.48
69,17.55
70,18.1
71,18.28
72,18.2
73,18.63
74,18.43
75,18.4
76,18.18
77,18.13
78,17.6
79,17.68
80,17.9
81,18.3
82,18.18
83,18.15
84,18.53
85,18.53
86,18.43
87,18.3
88,18.28
89,18.48
90,18.48
91,18.68
92,18.6
93,18.65
94,18.5
95,18.48
96,18.5
97,18.65
98,18.78
99,18.6
100,18.58
101,18.63
102,18.6
103,18.55
104,18.55
105,18.68
106,18.68
107,19
108,19.1
109,18.78
110,18.93
111,19.13
112,18.98
113,18.75
114,18.8
115,18.85
116,18.75
117,18.8
118,18.63
119,18.38
120,17.93
121,17.85
122,17.95
123,17.5
124,17.75
125,17.8
126,17.85
127,17.8
128,17.68
129,17.4
130,17.18
131,17.48
132,17.6
133,17.9
134,17.83
135,17.68
136,17.73
137,17.78
138,17.7
139,17.65
140,17.7
141,17.93
142,18
143,17.78
144,17.58
145,17.43
146,17.55
147,17.73
148,16.8
149,16.2
150,15.93
151,15.03
152,15.6
153,15.4
154,16.7
155,17.25
156,17.1
157,17
158,17.38
159,17.85
160,17.6
161,17.95
162,17.08
163,17.9
164,16.88
165,16.65
166,15.95
167,16.38
168,16.55
169,16.65
170,16.83
171,17.1
172,16.83
173,17.08
174,16.7
175,16.45
176,16.13
177,16.1
178,16.28
179,16.1
180,16.18
181,16.15
182,16.18
183,16.1
184,16.5
185,16.4
186,16.13
187,16.1
188,15.75
189,15.68
190,15.63
191,15.85
192,15.48
193,15.55
194,15.38
195,15.58
196,15.35
197,14.85
198,14.65
199,14.73
200,14.18
201,13.8
202,14
203,14
204,13.9
205,13.8
206,13.98
207,14.48
208,14.88
209,14.28
210,14.3
211,14.45
212,14.43
213,14.93
214,15.38
215,15.03
216,15.4
217,15.65
218,15.45
219,15.55
220,15.6
221,15.7
222,15.65
223,15.5
224,15.38
225,15.53
226,15.55
227,16.2
228,16.48
229,16.55
230,16.65
231,16.85
232,17.45
233,17.05
234,16.78
235,17
236,17.15
237,17.13
238,17.18
239,17.4
240,16.88
241,16.6
242,15.95
243,16.08
244,16.15
245,16.15
246,16.45
247,16.5
248,16.38
249,16.48
250,16.4
251,16.5
252,16.6
253,16.6
254,16.4
255,16.25
256,16.45
257,16.23
258,16.3
259,16.18
260,16.18
261,16.25
262,16.23
263,16.2
264,16.33
265,16.33
266,16.45
267,16.25
268,16.23
269,16.28
270,16.3
271,15.85
272,15.53
273,15.85
274,15.7
275,15.43
276,15.48
277,15
278,15
279,15.13
280,15.18
281,15.15
282,14.93
283,14.83
284,14.55
285,14.18
286,13.95
287,14.05
288,13.98
289,14.5
290,15.5
291,15.05
292,14.63
293,14
294,14.1
295,14.1
296,14.25
297,15
298,14.93
299,15.48
300,15.63
301,15.83
302,15.8
303,15.38
304,15.45
305,15.7
306,15.75
307,15.6
308,15.35
309,15
310,14.5
311,14.85
312,15.48
313,15.4
314,15.1
315,15.13
316,14.98
317,14.8
318,14.85
319,14.75
320,14.78
321,14.85
322,15.03
323,14.8
324,14.85
325,14.63
326,14.5
327,14.48
328,14.45
329,14.4
330,14.15
331,14
332,13.68
333,13.35
334,13.18
335,13.3
336,13.25
337,12.7
338,13.4
339,13.9
340,13.5
341,13.23
342,12.85
343,13.15
344,13.05
345,13.2
346,13.2
347,13.1
348,12.58
349,12.75
350,12.5
351,11.93
352,11.6
353,11.65
354,11.2
355,11.3
356,11.35
357,12.2
358,12.35
359,12.45
360,12.55
361,13.2
362,13.55
363,12.9
364,13.35
365,13.5
366,13.48
367,12.2
368,12.08
369,12.08
370,12.33
371,12.6
372,12.6
373,12.18
374,12.35
375,12.5
376,12.75
377,12.75
378,12.6
379,12.7
380,13.03
381,13.03
382,13
383,13
384,12.7
385,12.05
386,12.08
387,12.13
388,13.35
389,13.33
390,12.98
391,14.7
392,14.73
393,14.25
394,14.35
395,14.93
396,14.8
397,14.73
398,14.4
399,14.7
400,15.05
401,14.9
402,15.2
403,15.18
404,15.35
405,15.58
406,15.6
407,15.3
408,15.28
409,15.33
410,15.25
411,15.38
412,16.25
413,16.1
414,15.9
415,16.23
416,16.4
417,16.53
418,16.58
419,16.85
420,17
421,16.75
422,16.9
423,16.85
424,17.4
425,17.5
426,17.78
427,17.95
428,18.1
429,18.15
430,16.98
431,17.05
432,17.7
433,17.73
434,17.18
435,16.85
436,16.38
437,16.4
438,16.95
439,16.75
440,16.5
441,16.6
442,16.75
443,16.58
444,16.4
445,16.5
446,16.83
447,16.75
448,17.15
449,17.15
450,17.38
451,17.2
452,16.95
453,17.1
454,17.05
455,17.55
456,17.23
457,17.25
458,17.45
459,17.73
460,17.73
461,17.55
462,17.55
463,17.8
464,17.63
465,18.1
466,18.63
467,19.08
468,18.95
469,19.3
470,19.18
471,19.63
472,19.6
473,19.93
474,19.73
475,19.45
476,20
477,20.45
478,19.65
479,19.9
480,19.75
481,19.08
482,19.4
483,19.6
484,19.95
485,19.85
486,19.95
487,19.63
488,19.88
489,20.2
490,21.5
491,22.25
492,21.6
493,21.2
494,21.15
495,21.05
496,20.65
497,20.15
498,19.15
499,18.88
500,19.7
501,19.4
502,18.8
503,19.03
504,18.88
505,19.3
506,19.2
507,19.2
508,19.8
509,18.58
510,18.6
511,18.3
512,17.4
513,17.7
514,18.15
515,18.2
516,17.65
517,17.73
518,18.03
519,18.25
520,18.08
521,18.15
522,18.55
523,18.5
524,18.15
525,17.8
526,17.95
527,17.18
528,16.8
529,16.9
530,16.95
531,16.65
532,16.85
533,16.88
534,17.13
535,17.3
536,18.03
537,18.23
538,18.2
539,18
540,18.2
541,18.28
542,18.4
543,18.6
544,18.75
545,18.3
546,17.85
547,17.83
548,17.63
549,17.65
550,17.6
551,17.9
552,18.05
553,18.05
554,17.85
555,17.98
556,17.83
557,17.3
558,17.05
559,16.5
560,16.28
561,16.38
562,16.3
563,16.23
564,16.1
565,16.4
566,16.15
567,16.05
568,16.28
569,16.45
570,16.93
571,17
572,16.85
573,17
574,17
575,16.95
576,16.83
577,16.9
578,17.1
579,17.08
580,17.05
581,16.95
582,16.98
583,17.1
584,17.13
585,17.2
586,17.33
587,17.43
588,17.45
589,17.8
590,17.8
591,17.83
592,17.98
593,17.9
594,18.05
595,17.9
596,17.88
597,18.05
598,17.9
599,17.8
600,17.85
601,17.53
602,17.45
603,17.45
604,17.55
605,17.93
606,18.23
607,18.58
608,18.73
609,18.78
610,18.43
611,18.45
612,18.25
613,18.55
614,18.85
615,19.23
616,19.6
617,19.38
618,19.53
619,19.43
620,19.33
621,19.2
622,18.88
623,18.8
624,18.88
625,18.48
626,18.7
627,18.98
628,18.93
629,19.23
630,19.2
631,19
632,18.95
633,18.9
634,18.9
635,18.85
636,19.05
637,18.85
638,18.7
639,18.65
640,18.65
641,18.75
642,18.8
643,18.68
644,18.6
645,18.4
646,18.48
647,18.5
648,18.23
649,18.15
650,18.48
651,18.68
652,19.28
653,19.18
654,19.28
655,19.33
656,19.15
657,19.45
658,19.53
659,19.78
660,19.68
661,19.68
662,19.98
663,20.28
664,20.23
665,20.13
666,20.5
667,20.9
668,20.85
669,21.05
670,21.2
671,22.65
672,22.5
673,23.13
674,21.38
675,21.03
676,21.95
677,21.88
678,22.13
679,21.6
680,21.15
681,20.45
682,20.78
683,21.28
684,20.88
685,20.23
686,20.18
687,20.55
688,20.63
689,20.73
690,20.73
691,20.5
692,20.58
693,20.73
694,20.73
695,20.6
696,20.15
697,20.05
698,19.75
699,19.68
700,20.03
701,19.6
702,19.9
703,19.88
704,19.95
705,19.68
706,19.5
707,19.35
708,18.78
709,18.9
710,19.23
711,19.2
712,19.33
713,19.18
714,19.15
715,19.18
716,18.95
717,18.73
718,18.68
719,18.3
720,18.53
721,18.33
722,18.48
723,18.4
724,17.83
725,17.75
726,17.78
727,17.83
728,17.88
729,18.23
730,18.1
731,18.03
732,17.9
733,17.95
734,18.18
735,18.2
736,17.95
737,17.55
738,17.1
739,16.53
740,15.93
741,15.3
742,15.8
743,15.7
744,15.33
745,16.13
746,16.35
747,16.95
748,16.75
749,16.5
750,16.6
751,16.43
752,16.35
753,16.43
754,16.58
755,15.93
756,15.58
757,15.65
758,16.18
759,16.45
760,16.7
761,16.73
762,17.4
763,17.4
764,17.25
765,17.05
766,17.08
767,16.65
768,16.48
769,15.7
770,15.8
771,15.95
772,15.48
773,15.98
774,15.3
775,15.43
776,15.35
777,14.78
778,14.8
779,15.03
780,14.68
781,14.73
782,14.95
783,14.9
784,15.3
785,15.15
786,14.83
787,14.75
788,14.75
789,14.75
790,15.4
791,15.58
792,15.58
793,15.33
794,15.4
795,15.73
796,15.4
797,15.48
798,15.48
799,15.23
800,15.35
801,14.98
802,15.58
803,15.7
804,15.88
805,17.03
806,17.7
807,17.58
808,17.7
809,17.85
810,18
811,18.73
812,19.08
813,19
814,18.73
815,19.03
816,18.98
817,19.23
818,19.93
819,22.25
820,24.13
821,27.28
822,27.35
823,25.15
824,25.9
825,26.3
826,26.63
827,27.1
828,26.53
829,27.2
830,28.45
831,28.9
832,29.05
833,30.45
834,32.35
835,31.65
836,27.65
837,27.65
838,27.65
839,27.5
840,27.8
841,30.53
842,30.08
843,31.23
844,32.15
845,31.45
846,31.45
847,32.1
848,31.28
849,31.88
850,33.35
851,34.9
852,35.95
853,35.08
854,35.65
855,36.95
856,40.75
857,39.9
858,40.85
859,41.45
860,41
861,38.95
862,35.45
863,37.55
864,37.2
865,39.05
866,39.2
867,40.9
868,40.2
869,41.15
870,39.9
871,38.28
872,38.93
873,35.33
874,35.65
875,33.2
876,27.45
877,28.95
878,30.1
879,32.9
880,33.73
881,34.65
882,35.5
883,34.3
884,35.65
885,35.05
886,33.8
887,33.2
888,34.55
889,34.85
890,34.25
891,32.85
892,33.65
893,31.95
894,32.2
895,30.55
896,30.85
897,30.1
898,30.65
899,31.4
900,32.05
901,35.1
902,34.83
903,34.1
904,34.65
905,31.2
906,31.25
907,31.5
908,30.2
909,27.35
910,28.3
911,28.75
912,28.03
913,27.28
914,27.8
915,28.45
916,28.2
917,27.55
918,28.13
919,27.55
920,26.9
921,27.7
922,27.7
923,27.05
924,27.43
925,28.35
926,26.78
927,25.05
928,24.08
929,25.93
930,25.73
931,22.35
932,26.58
933,26.05
934,29.55
935,29.25
936,30.28
937,21.1
938,19.1
939,19.25
940,20.73
941,22.15
942,20.9
943,20.8
944,20.4
945,20.75
946,20.95
947,20.7
948,20.8
949,20.45
950,20.2
951,20.93
952,20.9
953,20.65
954,21.23
955,21.1
956,21
957,20.5
958,18.35
959,17.68
960,17.85
961,18.75
962,18.55
963,17.8
964,17.83
965,18
966,18.65
967,19.5
968,19.33
969,20.2
970,20.05
971,19.85
972,19.65
973,19.1
974,18.6
975,18.43
976,20.33
977,19.98
978,19.05
979,18.3
980,18.95
981,18.98
982,18.8
983,18.95
984,18.6
985,18.35
986,18.15
987,18
988,18
989,17.63
990,17.75
991,18
992,18.35
993,18.58
994,18.6
995,19.25
996,19.5
997,19.93
998,20.23
999,19.9
1000,19.85
1001,19.4
1002,19.18
1003,19.78
1004,19.6
1005,19.55
1006,19.6
1007,19.63
1008,19.95
1009,19.7
1010,19.7
1011,19.7
1012,19.55
1013,19.8
1014,19.85
1015,19.8
1016,20.08
1017,19.53
1018,19.25
1019,18.95
1020,18.8
1021,18.75
1022,18.75
1023,18.9
1024,19.03
1025,18.58
1026,18.78
1027,18.83
1028,19
1029,18.75
1030,18.73
1031,19
1032,19
1033,18.83
1034,18.63
1035,18.03
1036,18.28
1037,18
1038,17.85
1039,17.73
1040,18
1041,17.7
1042,17.85
1043,18
1044,17.88
1045,18.15
1046,18.43
1047,18.18
1048,18.15
1049,18.1
1050,18.08
1051,18.48
1052,18.53
1053,18.55
1054,18.5
1055,18.48
1056,18.7
1057,18.98
1058,19.03
1059,19.23
1060,19.2
1061,19.78
1062,19.6
1063,19.83
1064,20.13
1065,20.28
1066,20.28
1067,20.08
1068,19.58
1069,19.33
1070,19.6
1071,19.73
1072,19.58
1073,19.48
1074,19.65
1075,19.73
1076,19.4
1077,19.5
1078,19.45
1079,19.35
1080,19.7
1081,19.58
1082,19.63
1083,19.5
1084,19.23
1085,19.25
1086,19.35
1087,20.55
1088,20.98
1089,19.55
1090,19.53
1091,19.85
1092,20.03
1093,20.03
1094,19.98
1095,20.3
1096,20.53
1097,20.65
1098,20.55
1099,20.25
1100,20.1
1101,20.13
1102,19.85
1103,19.93
1104,20
1105,20.25
1106,20.35
1107,20.53
1108,20.3
1109,20.53
1110,20.43
1111,20.55
1112,20.83
1113,20.75
1114,20.65
1115,21
1116,21.48
1117,21.43
1118,21.15
1119,21.3
1120,21.75
1121,21.83
1122,21.98
1123,21.95
1124,22.43
1125,22.13
1126,22.08
1127,22.6
1128,22.83
1129,22.6
1130,22.73
1131,23
1132,22.95
1133,22.65
1134,22.48
1135,22.25
1136,22.35
1137,21.9
1138,21.85
1139,21.95
1140,22
1141,22.53
1142,22.73
1143,22.53
1144,22
1145,21.85
1146,21.8
1147,21.45
1148,21.2
1149,21.5
1150,21
1151,21.63
1152,21.35
1153,21.08
1154,20.48
1155,20.73
1156,20.15
1157,19.78
1158,19.78
1159,19.65
1160,19.98
1161,20.08
1162,19.6
1163,19.2
1164,19.18
1165,19.15
1166,19.05
1167,18.25
1168,18.1
1169,18.28
1170,18.58
1171,19.05
1172,18.55
1173,18.13
1174,18.15
1175,18.15
1176,18.55
1177,17.6
1178,17.78
1179,17.78
1180,17.75
1181,18
1182,17.75
1183,18.45
1184,18.5
1185,18.75
1186,18.4
1187,17.3
1188,17.18
1189,17.23
1190,18.08
1191,18.23
1192,18.38
1193,18.68
1194,18.48
1195,18.45
1196,17.85
1197,17.83
1198,18.1
1199,18.33
1200,18.55
1201,18.43
1202,18.15
1203,18.1
1204,18.15
1205,18.35
1206,18.4
1207,18.48
1208,18.53
1209,18.58
1210,18.95
1211,18.48
1212,18.33
1213,18.53
1214,18.63
1215,17.65
1216,17.7
1217,17.5
1218,17.85
1219,18
1220,17.4
1221,17.43
1222,17.28
1223,17.55
1224,17.45
1225,17.35
1226,17.05
1227,17.28
1228,17.43
1229,17.3
1230,17.35
1231,17.35
1232,17.2
1233,17.35
1234,17.73
1235,17.73
1236,17.88
1237,17.65
1238,17.65
1239,17.75
1240,17.58
1241,17.65
1242,17.7
1243,17.98
1244,17.85
1245,17.98
1246,19.09
1247,18.38
1248,18.53
1249,18.63
1250,18.93
1251,18.93
1252,19.18
1253,18.95
1254,19.05
1255,19.03
1256,18.85
1257,18.6
1258,18.95
1259,18.95
1260,19
1261,18.73
1262,18.7
1263,18.9
1264,18.9
1265,19.18
1266,19.28
1267,19.65
1268,19.83
1269,19.88
1270,19.98
1271,19.68
1272,19.65
1273,19.63
1274,19.73
1275,19.8
1276,19.95
1277,19.75
1278,19.7
1279,19.7
1280,19.3
1281,19.28
1282,19.6
1283,19.58
1284,20.5
1285,20.8
1286,20.73
1287,20.7
1288,20.9
1289,20.85
1290,21.23
1291,21.08
1292,21.35
1293,21.25
1294,21.13
1295,21.05
1296,21.33
1297,21.28
1298,21.3
1299,21.13
1300,21.03
1301,21.23
1302,21.13
1303,20.83
1304,21.35
1305,21.55
1306,21.5
1307,21.3
1308,21.08
1309,20.6
1310,20.25
1311,20.53
1312,20.65
1313,20.45
1314,19.8
1315,19.7
1316,19.78
1317,20
1318,19.83
1319,19.98
1320,19.85
1321,20.23
1322,20.2
1323,19.95
1324,20.03
1325,20.23
1326,20.48
1327,20.6
1328,20.58
1329,20.78
1330,20.68
1331,20.48
1332,20.38
1333,20.33
1334,19.85
1335,19.68
1336,19.78
1337,19.75
1338,19.55
1339,19.48
1340,19.65
1341,19.83
1342,19.88
1343,19.95
1344,19.9
1345,19.8
1346,19.63
1347,19.68
1348,19.65
1349,19.68
1350,19.63
1351,19.5
1352,19.65
1353,19.65
1354,19.88
1355,20
1356,19.95
1357,20.03
1358,20.13
1359,20.3
1360,20.33
1361,20.3
1362,20.35
1363,20.68
1364,20.5
1365,20.43
1366,20.35
1367,20.3
1368,20.15
1369,20.33
1370,20.53
1371,20.43
1372,20.33
1373,20.28
1374,20.18
1375,20.18
1376,20.28
1377,20.4
1378,20.2
1379,20.23
1380,20.28
1381,20.48
1382,20.48
1383,20.8
1384,20.83
1385,20.68
1386,20.73
1387,20.78
1388,20.73
1389,20.68
1390,20.28
1391,20.13
1392,20.03
1393,19.78
1394,19.78
1395,19.65
1396,19.4
1397,19.13
1398,19.25
1399,19.35
1400,19.03
1401,19.2
1402,19.13
1403,19.1
1404,19.53
1405,19.4
1406,19.18
1407,19.05
1408,19.2
1409,19.15
1410,19.1
1411,19.48
1412,19.48
1413,19.15
1414,19.18
1415,19.28
1416,18.93
1417,19.08
1418,19.25
1419,18.65
1420,18.38
1421,18.2
1422,18.35
1423,18.25
1424,18.08
1425,17.8
1426,18.28
1427,18.2
1428,18.03
1429,17.8
1430,17.9
1431,18.18
1432,18.3
1433,18.33
1434,18.08
1435,18.23
1436,18.28
1437,17.93
1438,17.83
1439,17.85
1440,17.73
1441,17.48
1442,17.53
1443,17.58
1444,17.23
1445,17.28
1446,16.85
1447,16.85
1448,17
1449,17.28
1450,17.25
1451,16.98
1452,16.7
1453,16.88
1454,17.08
1455,17.58
1456,17.93
1457,17.88
1458,18.15
1459,18.48
1460,18.55
1461,18.4
1462,18.65
1463,18.7
1464,18.55
1465,18.33
1466,18.48
1467,18.43
1468,18.48
1469,17.98
1470,18.2
1471,17.93
1472,17.83
1473,18.3
1474,18.63
1475,18.88
1476,18.88
1477,18.83
1478,18.83
1479,19.03
1480,18.83
1481,18.93
1482,19.35
1483,19.6
1484,19.28
1485,19.23
1486,19.08
1487,18.7
1488,18.83
1489,18.88
1490,18.55
1491,18.6
1492,18.7
1493,18.58
1494,18.18
1495,18.23
1496,18.53
1497,18.6
1498,18.55
1499,18.65
1500,18.45
1501,18.7
1502,18.98
1503,18.88
1504,18.95
1505,18.65
1506,18.7
1507,18.53
1508,18.8
1509,18.73
1510,18.63
1511,18.5
1512,18.48
1513,18.53
1514,18.68
1515,18.48
1516,18.63
1517,18.63
1518,18.58
1519,18.48
1520,18.8
1521,18.85
1522,18.9
1523,18.85
1524,19.13
1525,18.98
1526,18.98
1527,18.83
1528,18.9
1529,18.7
1530,18.4
1531,18.28
1532,18.18
1533,18.13
1534,18.1
1535,18.05
1536,18.15
1537,18.15
1538,18.08
1539,18.43
1540,18.43
1541,18.48
1542,18.48
1543,18.15
1544,18.25
1545,18
1546,18.23
1547,18.23
1548,18.2
1549,17.63
1550,17.58
1551,17.3
1552,17.33
1553,17.23
1554,17.13
1555,17.18
1556,17.18
1557,17.18
1558,17.23
1559,17.23
1560,17.23
1561,17.48
1562,17.43
1563,16.98
1564,16.63
1565,16.88
1566,17.13
1567,16.9
1568,16.55
1569,16.53
1570,16.78
1571,16.95
1572,16.5
1573,16.48
1574,16.6
1575,16.58
1576,16.58
1577,16.73
1578,16.65
1579,16.85
1580,16.85
1581,16.85
1582,17.13
1583,17.08
1584,16.85
1585,16.85
1586,16.53
1587,16.63
1588,16.6
1589,16.38
1590,16.45
1591,16.3
1592,16.58
1593,16.78
1594,16.93
1595,16.8
1596,16.88
1597,16.63
1598,16.63
1599,16.68
1600,16.83
1601,16.93
1602,16.68
1603,16.75
1604,17.05
1605,16.73
1606,16.55
1607,16.5
1608,16.33
1609,16.23
1610,15.85
1611,15.65
1612,15.73
1613,15.43
1614,15.43
1615,15.58
1616,15.35
1617,15.43
1618,15.55
1619,16.03
1620,16.25
1621,15.88
1622,15.88
1623,16.1
1624,16.1
1625,16.4
1626,16.78
1627,17.23
1628,17.08
1629,16.9
1630,16.78
1631,16.98
1632,16.88
1633,16.98
1634,17.13
1635,17.15
1636,17
1637,16.8
1638,16.7
1639,16.5
1640,16.53
1641,16.68
1642,16.88
1643,16.48
1644,16.13
1645,15.95
1646,15.95
1647,15.83
1648,15.43
1649,15.83
1650,15.63
1651,15.83
1652,15.78
1653,15.73
1654,15.28
1655,15.33
1656,15.23
1657,15.18
1658,15.08
1659,15.25
1660,15.33
1661,15.55
1662,15.4
1663,15.25
1664,15.35
1665,15.25
1666,15.13
1667,14.35
1668,14.28
1669,14.05
1670,14.23
1671,14.43
1672,14.15
1673,13.95
1674,13.9
1675,13.88
1676,13.45
1677,13.6
1678,13.8
1679,13.9
1680,14.78
1681,13.8
1682,13.63
1683,13.85
1684,13.63
1685,13.45
1686,13.6
1687,13.55
1688,13.38
1689,13.13
1690,13.2
1691,13.18
1692,13.43
1693,14.1
1694,14.55
1695,14.63
1696,14.15
1697,14.1
1698,13.9
1699,13.75
1700,14.1
1701,14.4
1702,14.1
1703,14.25
1704,14.1
1705,14.23
1706,14.35
1707,14.63
1708,14.8
1709,14.78
1710,14.65
1711,14.83
1712,15.03
1713,15.4
1714,15.48
1715,14.93
1716,14.6
1717,14.13
1718,13.53
1719,13.58
1720,13.7
1721,13.4
1722,13.13
1723,13.08
1724,13.28
1725,13
1726,13.05
1727,13.2
1728,13.2
1729,13.4
1730,13.33
1731,13.59
1732,13.45
1733,13.5
1734,13.55
1735,13.43
1736,13.13
1737,13.15
1738,13.3
1739,13.23
1740,13.7
1741,14.03
1742,14.28
1743,14.3
1744,14.25
1745,14.05
1746,14.55
1747,14.8
1748,14.5
1749,14.53
1750,14.58
1751,13.75
1752,13.38
1753,13.23
1754,13.25
1755,14.33
1756,14.33
1757,14.4
1758,14.3
1759,14.73
1760,14.8
1761,15
1762,15.28
1763,15.23
1764,15.48
1765,15.13
1766,15.3
1767,15.63
1768,16.28
1769,16.38
1770,16.05
1771,15.75
1772,15.65
1773,15.35
1774,15.93
1775,15.95
1776,15.85
1777,16.25
1778,16.33
1779,16.25
1780,16.1
1781,16.25
1782,16.5
1783,16.23
1784,15.83
1785,15.98
1786,16.15
1787,16.23
1788,16.63
1789,16.63
1790,16.33
1791,16.08
1792,16.08
1793,16.18
1794,16.4
1795,16.35
1796,16.13
1797,16.18
1798,15.95
1799,15.65
1800,16.13
1801,16.38
1802,16.23
1803,16.4
1804,16.73
1805,16.88
1806,17.13
1807,17.38
1808,17.63
1809,17.48
1810,17.3
1811,17.4
1812,17.4
1813,16.98
1814,17.23
1815,17.45
1816,17.65
1817,17.5
1818,17.13
1819,16.9
1820,16.78
1821,17
1822,17.48
1823,18.25
1824,18.25
1825,18.33
1826,18.15
1827,17.5
1828,17.2
1829,17.35
1830,17.45
1831,17.58
1832,17.35
1833,17.43
1834,17.83
1835,18
1836,18.48
1837,19.03
1838,18.48
1839,18.48
1840,18.43
1841,17.78
1842,17.93
1843,17.68
1844,17.33
1845,17.5
1846,17.1
1847,16.75
1848,16.68
1849,16.28
1850,16.3
1851,16.13
1852,15.25
1853,15.3
1854,15.8
1855,15.75
1856,15.85
1857,15.78
1858,16.03
1859,16.03
1860,15.88
1861,15.6
1862,15.95
1863,16.03
1864,16.05
1865,15.93
1866,15.83
1867,15.48
1868,15.4
1869,15.25
1870,15.3
1871,15.45
1872,15.78
1873,15.8
1874,15.9
1875,16.3
1876,16.1
1877,16.1
1878,16.2
1879,16.6
1880,16.73
1881,16.85
1882,16.7
1883,16.5
1884,16.63
1885,16.93
1886,16.7
1887,16.38
1888,16.08
1889,15.63
1890,15.58
1891,15.75
1892,16.13
1893,16.28
1894,16.53
1895,16.35
1896,16.48
1897,16.48
1898,16.88
1899,17.08
1900,17.18
1901,17.18
1902,17.4
1903,17.58
1904,17.75
1905,18
1906,17.78
1907,17.38
1908,17.55
1909,17.2
1910,17.38
1911,17.25
1912,16.98
1913,16.8
1914,16.53
1915,16.45
1916,17.25
1917,17.2
1918,16.88
1919,16.95
1920,17
1921,16.95
1922,17
1923,16.95
1924,16.98
1925,16.35
1926,15.93
1927,16.05
1928,15.83
1929,16.13
1930,16.08
1931,15.98
1932,15.73
1933,15.83
1934,15.6
1935,15.48
1936,15.58
1937,15.73
1938,15.65
1939,15.6
1940,15.55
1941,16.08
1942,16.25
1943,16.23
1944,15.88
1945,15.93
1946,16.13
1947,16.35
1948,16.08
1949,16
1950,16.4
1951,16.48
1952,16.2
1953,16.38
1954,16.78
1955,16.95
1956,17.08
1957,17.23
1958,17
1959,17.15
1960,16.98
1961,16.73
1962,16.38
1963,16.68
1964,16.8
1965,17.05
1966,17
1967,17.4
1968,17.08
1969,17.05
1970,17.03
1971,16.85
1972,16.85
1973,16.88
1974,17
1975,17.1
1976,17.13
1977,17.4
1978,17.43
1979,17.18
1980,17.08
1981,17.1
1982,17.1
1983,17.35
1984,17.23
1985,16.85
1986,16.55
1987,16.68
1988,16.75
1989,16.85
1990,16.73
1991,16.65
1992,16.5
1993,16.3
1994,16.33
1995,16.38
1996,16.5
1997,16.55
1998,16.83
1999,16.8
2000,17.08
2001,17.48
2002,17.65
2003,17.83
2004,17.85
2005,18.05
2006,17.98
2007,17.98
2008,17.88
2009,18.03
2010,18.35
2011,18.5
2012,18.45
2013,18.15
2014,18.63
2015,18.73
2016,17.98
2017,18.55
2018,18.73
2019,19.15
2020,19.18
2021,19.05
2022,19.35
2023,18.9
2024,19.08
2025,18.98
2026,19.38
2027,18.83
2028,18.33
2029,18.68
2030,18.85
2031,18.78
2032,18.12
2033,18.1
2034,18.08
2035,18.23
2036,18.43
2037,18.53
2038,18.5
2039,18.23
2040,18.43
2041,18.38
2042,18.48
2043,18.55
2044,18
2045,17.8
2046,17.43
2047,17.58
2048,17.7
2049,17.9
2050,18.23
2051,17.95
2052,18.13
2053,17.93
2054,17.68
2055,17.63
2056,17.83
2057,17.63
2058,17.95
2059,17.75
2060,16.93
2061,16.98
2062,16.5
2063,16.55
2064,16.4
2065,16.55
2066,16.63
2067,16.95
2068,16.5
2069,16.58
2070,16.35
2071,15.93
2072,16
2073,16.15
2074,16.1
2075,15.88
2076,15.93
2077,16.03
2078,15.98
2079,15.8
2080,15.73
2081,15.68
2082,15.8
2083,15.68
2084,15.35
2085,15.38
2086,15.48
2087,16
2088,15.98
2089,15.93
2090,15.78
2091,16.1
2092,16.13
2093,15.99
2094,16.08
2095,15.9
2096,16
2097,16.13
2098,16.08
2099,16.23
2100,15.93
2101,15.85
2102,15.78
2103,15.85
2104,16.03
2105,16.25
2106,16.23
2107,16.5
2108,16.3
2109,16.15
2110,16.23
2111,16.18
2112,16.2
2113,16.25
2114,16.62
2115,16.68
2116,16.63
2117,16.6
2118,16.93
2119,16.75
2120,16.9
2121,16.85
2122,17
2123,17.18
2124,17.23
2125,17.23
2126,17
2127,16.6
2128,16.4
2129,16.18
2130,16.15
2131,16.28
2132,16.65
2133,16.58
2134,16.55
2135,16.58
2136,16.4
2137,15.85
2138,15.75
2139,16
2140,15.95
2141,16.05
2142,15.9
2143,15.98
2144,16.15
2145,16.03
2146,15.98
2147,15.85
2148,15.8
2149,15.88
2150,16.08
2151,15.98
2152,16.3
2153,16.35
2154,16.45
2155,16.58
2156,16.53
2157,16.83
2158,16.88
2159,16.78
2160,16.7
2161,16.75
2162,16.9
2163,16.83
2164,16.63
2165,16.58
2166,16.73
2167,16.78
2168,17.03
2169,16.8
2170,16.6
2171,16.9
2172,16.88
2173,16.93
2174,17.2
2175,17.25
2176,17.3
2177,17.13
2178,17.18
2179,17.35
2180,17.53
2181,17.55
2182,17.48
2183,17.73
2184,17.68
2185,17.48
2186,17.7
2187,17.9
2188,18.15
2189,18.33
2190,18.03
2191,18.05
2192,18.1
2193,18.18
2194,18.73
2195,18.78
2196,18.65
2197,18.95
2198,19.15
2199,19.13
2200,19.5
2201,19.68
2202,19.05
2203,18.48
2204,17.85
2205,17.58
2206,17.5
2207,17.73
2208,17.43
2209,17.88
2210,17.53
2211,17.53
2212,17.38
2213,17.33
2214,17
2215,16.7
2216,16.23
2217,16.53
2218,16.63
2219,16.78
2220,17.05
2221,16.93
2222,16.83
2223,16.93
2224,17.05
2225,17.23
2226,17.18
2227,18.08
2228,18.28
2229,18.18
2230,18.2
2231,18.2
2232,18.58
2233,19.05
2234,19.28
2235,18.85
2236,18.85
2237,19
2238,18.65
2239,18.8
2240,18.55
2241,18.4
2242,18.75
2243,19.18
2244,19.03
2245,18.85
2246,18.93
2247,19.3
2248,19.58
2249,19.4
2250,19.3
2251,20.5
2252,20.35
2253,20.38
2254,20.35
2255,21.15
2256,21.3
2257,21.68
2258,21.33
2259,20.25
2260,20.33
2261,20.8
2262,21.18
2263,20.93
2264,20.85
2265,21.43
2266,22.63
2267,23.9
2268,22.73
2269,22.68
2270,21.2
2271,19.88
2272,19.33
2273,19.53
2274,19.38
2275,20.88
2276,20.73
2277,20.35
2278,20.05
2279,20.05
2280,19.5
2281,18.95
2282,19.45
2283,19.38
2284,20.08
2285,19.85
2286,19.35
2287,19.23
2288,19.48
2289,19.63
2290,19.5
2291,18.63
2292,18.05
2293,18.63
2294,18.7
2295,19.4
2296,19.53
2297,19.73
2298,19.53
2299,18.95
2300,18.1
2301,18.1
2302,18.25
2303,18.5
2304,18.2
2305,18.18
2306,18.4
2307,18.48
2308,18.28
2309,18.23
2310,17.98
2311,17.83
2312,18.7
2313,18.8
2314,18.4
2315,18.43
2316,18.45
2317,18.38
2318,18.38
2319,18.6
2320,19.38
2321,19.28
2322,19.77
2323,19.43
2324,19.13
2325,19.77
2326,19.99
2327,19.62
2328,19.63
2329,19.8
2330,20.01
2331,19.93
2332,20.2
2333,20.3
2334,19.75
2335,19.95
2336,19.45
2337,19.23
2338,19.5
2339,19.36
2340,19.5
2341,18.92
2342,18.99
2343,18.9
2344,19
2345,18.84
2346,19.63
2347,19.65
2348,19.45
2349,19.48
2350,20.03
2351,20.05
2352,20.65
2353,21.03
2354,20.9
2355,20.88
2356,21.3
2357,21.58
2358,21.35
2359,20.8
2360,21.25
2361,20.78
2362,20.45
2363,20.68
2364,21
2365,20.98
2366,22.23
2367,21.9
2368,22.2
2369,22.15
2370,22.43
2371,22.25
2372,22.68
2373,23.3
2374,23.35
2375,23.83
2376,22.6
2377,21.7
2378,22.38
2379,22.08
2380,21.78
2381,22.15
2382,22.78
2383,23.05
2384,23.35
2385,22.9
2386,24.15
2387,23.18
2388,23.13
2389,23.63
2390,23.88
2391,24.28
2392,24.55
2393,24.58
2394,23.63
2395,23.85
2396,24.75
2397,24.58
2398,24.5
2399,24.83
2400,25.18
2401,25.08
2402,25.4
2403,24.6
2404,24.28
2405,24.13
2406,24.45
2407,23.3
2408,23.15
2409,22.8
2410,22.3
2411,22.1
2412,21.85
2413,21.85
2414,21.75
2415,22.4
2416,22.7
2417,22.38
2418,22.88
2419,23.18
2420,23.28
2421,22.75
2422,23.13
2423,23.4
2424,22.9
2425,23.86
2426,23.22
2427,22.78
2428,23.07
2429,23
2430,23.17
2431,23.5
2432,24.12
2433,24.21
2434,24.49
2435,24.56
2436,24.18
2437,23.74
2438,22.95
2439,22.65
2440,22.83
2441,23.98
2442,24.05
2443,23.69
2444,24.18
2445,23.96
2446,23.51
2447,23.66
2448,23.55
2449,23.95
2450,23.9
2451,24.45
2452,24.19
2453,24.76
2454,24.76
2455,24.78
2456,24.83
2457,24.22
2458,23.41
2459,23.31
2460,23.31
2461,22.87
2462,22.86
2463,22.98
2464,22.93
2465,22.93
2466,22.8
2467,22.56
2468,22.62
2469,23.01
2470,23.43
2471,23.28
2472,22.91
2473,22.65
2474,22.69
2475,21.86
2476,20.73
2477,21.25
2478,21.15
2479,20.47
2480,20.56
2481,20.48
2482,20.56
2483,20.98
2484,20.57
2485,20.13
2486,19.87
2487,20.08
2488,19.82
2489,19.96
2490,19.44
2491,19.1
2492,19.4
2493,19.38
2494,19.55
2495,19.21
2496,18.57
2497,18.98
2498,19.3
2499,19.44
2500,18.98
2501,19.54
2502,20
2503,19.62
2504,19.39
2505,18.93
2506,18.77
2507,18.91
2508,18.53
2509,18.53
2510,18.53
2511,18.15
2512,17.97
2513,17.28
2514,17.25
2515,16.92
2516,16.98
2517,17.02
2518,17.25
2519,17.54
2520,17.61
2521,17.53
2522,17.24
2523,17
2524,17.26
2525,17.74
2526,17.72
2527,17.46
2528,17.8
2529,18.07
2530,17.92
2531,18.27
2532,18.25
2533,18.24
2534,17.7
2535,17.72
2536,17.82
2537,17.84
2538,18.32
2539,18.62
2540,19.42
2541,19.4
2542,19.1
2543,19.4
2544,19.77
2545,19.92
2546,19.75
2547,19.7
2548,20.03
2549,20.15
2550,19.33
2551,18.88
2552,19.38
2553,18.99
2554,19.17
2555,18.59
2556,18.36
2557,17.96
2558,17.43
2559,17.08
2560,17.01
2561,16.69
2562,16.79
2563,16.83
2564,17.15
2565,17.55
2566,17.22
2567,17.34
2568,17.09
2569,17.8
2570,17.65
2571,17.65
2572,17.6
2573,18
2574,18.22
2575,18.83
2576,18.18
2577,18.28
2578,18.25
2579,18.16
2580,18
2581,17.79
2582,18.19
2583,18.27
2584,18.83
2585,18.21
2586,18.23
2587,18.47
2588,18.71
2589,18.66
2590,18.77
2591,18.76
2592,18.74
2593,19.02
2594,18.94
2595,19.33
2596,19.64
2597,19.51
2598,19.21
2599,18.94
2600,18.56
2601,18.21
2602,18.56
2603,18.63
2604,19
2605,18.77
2606,18.41
2607,18.88
2608,18.83
2609,18.26
2610,17.87
2611,17.58
2612,17.83
2613,17.91
2614,17.98
2615,18.22
2616,18.12
2617,17.92
2618,18.15
2619,18.03
2620,18.18
2621,18.08
2622,18.21
2623,18.06
2624,18.05
2625,18.4
2626,18.21
2627,18.14
2628,18.32
2629,18.65
2630,18.57
2631,18.52
2632,19.05
2633,19.36
2634,19.48
2635,19.96
2636,19.87
2637,20.08
2638,21.29
2639,20.94
2640,20.71
2641,20.79
2642,20.6
2643,20.73
2644,20.08
2645,19.4
2646,19.27
2647,19.56
2648,19.43
2649,19.29
2650,19.3
2651,19.86
2652,19.89
2653,19.45
2654,19.63
2655,18.86
2656,19
2657,19.45
2658,19.42
2659,19.48
2660,19.1
2661,18.93
2662,18.97
2663,19.24
2664,19.14
2665,19.26
2666,19.71
2667,20.24
2668,19.54
2669,19.39
2670,19.41
2671,18.82
2672,18.83
2673,19.01
2674,19.14
2675,18.5
2676,18.64
2677,18.96
2678,18.01
2679,18.04
2680,17.94
2681,17.7
2682,17.91
2683,17.87
2684,17.57
2685,17.08
2686,16.98
2687,17.12
2688,16.89
2689,16.8
2690,16.98
2691,17.34
2692,17.2
2693,17.04
2694,17.09
2695,17.04
2696,16.35
2697,16.01
2698,15.86
2699,15.77
2700,15.29
2701,15.48
2702,15.33
2703,15.47
2704,15.33
2705,15.07
2706,15.08
2707,14.81
2708,14.75
2709,14.89
2710,15.38
2711,14.95
2712,14.67
2713,14.35
2714,14.26
2715,14.79
2716,15.74
2717,15.64
2718,16.28
2719,15.59
2720,15.28
2721,14.87
2722,14.56
2723,14.83
2724,15.05
2725,14.77
2726,14.6
2727,14.35
2728,14.04
2729,14.05
2730,13.5
2731,13.5
2732,13.46
2733,14.02
2734,13.91
2735,13.26
2736,13.08
2737,13.35
2738,13.38
2739,13.53
2740,13.37
2741,13.18
2742,13.09
2743,13.18
2744,12.85
2745,12.24
2746,12.36
2747,12.41
2748,12.3
2749,12.25
2750,11.74
2751,11.05
2752,12.21
2753,12.41
2754,12.35
2755,14.53
2756,14.02
2757,14.41
2758,15.18
2759,14.92
2760,14.35
2761,13.87
2762,13.72
2763,13.38
2764,13.63
2765,13.13
2766,12.82
2767,12.79
2768,13.23
2769,13.15
2770,13.31
2771,13.68
2772,14.06
2773,13.82
2774,13.95
2775,13.71
2776,13.42
2777,13.32
2778,13.65
2779,13.88
2780,14.09
2781,13.79
2782,14.6
2783,14.13
2784,13.91
2785,13.81
2786,13.94
2787,14.41
2788,14.75
2789,14.15
2790,14.29
2791,14.33
2792,14.72
2793,14.87
2794,14.58
2795,14.29
2796,14.33
2797,14.27
2798,14.78
2799,14.71
2800,14.03
2801,13.66
2802,13.62
2803,13.23
2804,13.71
2805,13.95
2806,13.56
2807,12.76
2808,12.23
2809,12.12
2810,11.62
2811,10.77
2812,10.77
2813,11.3
2814,10.88
2815,10.89
2816,11.23
2817,12.09
2818,12.5
2819,11.94
2820,12.04
2821,11.83
2822,11.84
2823,11.93
2824,11.95
2825,11.79
2826,11.7
2827,11.66
2828,11.71
2829,11.61
2830,11.61
2831,11.56
2832,11.83
2833,11.79
2834,12.65
2835,12.38
2836,12.11
2837,12.01
2838,12.21
2839,12.23
2840,12.05
2841,12.53
2842,12.74
2843,12.6
2844,12.55
2845,12.63
2846,12.04
2847,12.03
2848,12.32
2849,12.08
2850,12.05
2851,11.62
2852,11.16
2853,11.24
2854,11.48
2855,11.46
2856,11.93
2857,11.87
2858,11.99
2859,12.21
2860,12.02
2861,12.15
2862,12.43
2863,12.24
2864,11.9
2865,12.06
2866,12.11
2867,12.05
2868,12.54
2869,12.96
2870,12.51
2871,12.53
2872,12.53
2873,12.82
2874,12.66
2875,12.47
2876,12.61
2877,12.65
2878,12.97
2879,13.92
2880,14.31
2881,14.36
2882,14.67
2883,14.84
2884,14.55
2885,14.41
2886,14.38
2887,14.71
2888,14.46
2889,14.21
2890,14.1
2891,13.98
2892,13.88
2893,13.23
2894,12.87
2895,13.18
2896,12.73
2897,12.26
2898,11.98
2899,12.11
2900,11.6
2901,11.29
2902,11.94
2903,11.68
2904,12.18
2905,12.74
2906,12.46
2907,12.26
2908,12.31
2909,12
2910,12.43
2911,11.93
2912,11.88
2913,11.73
2914,11.51
2915,11.15
2916,11.18
2917,11.45
2918,11.56
2919,11.46
2920,11.1
2921,10.62
2922,10.25
2923,10.45
2924,10.4
2925,10.54
2926,10.58
2927,10.51
2928,10.41
2929,10.77
2930,9.91
2931,9.87
2932,9.71
2933,10.05
2934,9.73
2935,9.7
2936,9.68
2937,9.46
2938,9.1
2939,9.26
2940,9.45
2941,9.57
2942,10.87
2943,9.92
2944,9.62
2945,9.45
2946,9.83
2947,9.91
2948,9.91
2949,10.23
2950,10.45
2951,10.54
2952,10.94
2953,10.3
2954,10.67
2955,11.08
2956,11.7
2957,12.07
2958,11.78
2959,10.9
2960,11.1
2961,10.97
2962,10.81
2963,11.19
2964,10.85
2965,11.14
2966,11.23
2967,11.21
2968,10.84
2969,11.03
2970,11.14
2971,11.34
2972,10.81
2973,10.39
2974,10.78
2975,10.42
2976,10.18
2977,9.97
2978,9.77
2979,9.88
2980,9.82
2981,9.97
2982,9.98
2983,10.09
2984,9.93
2985,10.29
2986,10.24
2987,10.58
2988,10.64
2989,10.84
2990,10.58
2991,10.52
2992,10.41
2993,10.81
2994,11.2
2995,11.02
2996,11.49
2997,11.25
2998,11.46
2999,11.86
3000,12.3
3001,12.17
3002,12.11
3003,12.95
3004,13.35
3005,13.15
3006,13.37
3007,13.64
3008,13.37
3009,13.5
3010,13.97
3011,14.34
3012,14.5
3013,15.02
3014,14.6
3015,14.53
3016,14.14
3017,13.72
3018,14.11
3019,14.23
3020,14.68
3021,14.45
3022,14.82
3023,15.34
3024,16.01
3025,16.04
3026,15.96
3027,16.29
3028,16.07
3029,15.63
3030,15.91
3031,16.38
3032,16.53
3033,16.45
3034,16.98
3035,16.85
3036,16.44
3037,15.66
3038,15.72
3039,15.23
3040,14.74
3041,15.21
3042,15.18
3043,14.98
3044,14.43
3045,14.42
3046,14.44
3047,14.49
3048,14.83
3049,14.71
3050,15.18
3051,15.04
3052,14.75
3053,14.22
3054,14.28
3055,14.26
3056,15.21
3057,15.98
3058,16.25
3059,16.19
3060,15.99
3061,16.25
3062,16.05
3063,16.33
3064,16.29
3065,16
3066,15.93
3067,15.64
3068,15.91
3069,16.04
3070,16.28
3071,16.27
3072,16.27
3073,16.38
3074,16.97
3075,17.25
3076,17.55
3077,18.47
3078,18.36
3079,18.74
3080,18.9
3081,18.94
3082,19.49
3083,19.48
3084,18.9
3085,19.42
3086,19.75
3087,19.33
3088,18.62
3089,19.01
3090,19.69
3091,19.73
3092,19.46
3093,19.65
3094,19.97
3095,19.97
3096,19.21
3097,19.32
3098,19.38
3099,19.64
3100,19.66
3101,19.34
3102,20.18
3103,20.58
3104,20.32
3105,20.61
3106,20.68
3107,20.61
3108,20.69
3109,20.92
3110,21.11
3111,20.96
3112,20.48
3113,19.71
3114,19.8
3115,20.32
3116,21.08
3117,21.1
3118,20.66
3119,20.74
3120,21.14
3121,21.71
3122,21.96
3123,22.51
3124,22.36
3125,22.98
3126,23.18
3127,23.25
3128,23.06
3129,22.93
3130,22.85
3131,22.68
3132,22.49
3133,23.41
3134,23.66
3135,23.6
3136,23.24
3137,23.46
3138,22.98
3139,22.98
3140,23.3
3141,22.64
3142,23.07
3143,22.33
3144,20.78
3145,20.84
3146,21.89
3147,22.26
3148,22.28
3149,21.65
3150,22.26
3151,21.59
3152,21.02
3153,21.68
3154,22.38
3155,22.45
3156,22.14
3157,22.18
3158,21.22
3159,21.11
3160,21.32
3161,21.98
3162,22.38
3163,22.64
3164,22.8
3165,23.62
3166,24.44
3167,25.42
3168,24.96
3169,25.39
3170,25.93
3171,24.88
3172,24.98
3173,25.02
3174,25.14
3175,25.86
3176,25.66
3177,25.77
3178,25.94
3179,25.85
3180,25.67
3181,25.2
3182,24.2
3183,25.52
3184,26.17
3185,26.46
3186,26.1
3187,25.45
3188,25.85
3189,24.86
3190,24.31
3191,24.88
3192,25.68
3193,26.09
3194,26.22
3195,25.98
3196,25.51
3197,25.04
3198,25.11
3199,25.63
3200,24.93
3201,23.95
3202,23.72
3203,23.55
3204,23.35
3205,22.77
3206,23.93
3207,24.62
3208,24.9
3209,25.5
3210,25.99
3211,26.31
3212,26.17
3213,26.26
3214,27.18
3215,27.02
3216,27.24
3217,27.18
3218,26.91
3219,26.59
3220,27.08
3221,27.35
3222,27.15
3223,27.6
3224,27.48
3225,27.94
3226,27.61
3227,27.44
3228,27.32
3229,27.82
3230,28.03
3231,28.12
3232,28.11
3233,27.54
3234,27.26
3235,26.93
3236,27.22
3237,27.92
3238,28.21
3239,28.53
3240,28.7
3241,29.01
3242,29.78
3243,30.12
3244,29.83
3245,30.08
3246,31.93
3247,31.41
3248,29.11
3249,28.97
3250,29.25
3251,28.83
3252,28.03
3253,27.97
3254,27.87
3255,25.59
3256,24.93
3257,25.77
3258,25.32
3259,25.74
3260,25.16
3261,24.8
3262,23.77
3263,23.94
3264,23.98
3265,24.62
3266,23.26
3267,22.98
3268,22.9
3269,22.63
3270,21.08
3271,21.05
3272,21.4
3273,22.65
3274,22.13
3275,22.2
3276,22.67
3277,23.5
3278,23.57
3279,23.36
3280,22.9
3281,23.07
3282,23.79
3283,24.73
3284,25.13
3285,25.06
3286,24.93
3287,26.03
3288,26.69
3289,26.59
3290,27.22
3291,27.98
3292,28.26
3293,28.78
3294,28.4
3295,28.9
3296,29.01
3297,28.45
3298,28.12
3299,28.97
3300,29.62
3301,30.09
3302,29.89
3303,29.64
3304,29.69
3305,29.35
3306,28.27
3307,28.42
3308,28.32
3309,29.34
3310,29
3311,30.1
3312,30.4
3313,30.12
3314,29.77
3315,28.68
3316,27.69
3317,28.86
3318,30.71
3319,30.61
3320,31.02
3321,30.9
3322,30.47
3323,31.15
3324,31.05
3325,31.58
3326,32.15
3327,30.73
3328,30.35
3329,30.67
3330,30.62
3331,30.58
3332,29.83
3333,30.27
3334,31.15
3335,30.82
3336,28.44
3337,28.46
3338,28.33
3339,27.85
3340,26.68
3341,26.84
3342,25.78
3343,25.92
3344,25.6
3345,25.96
3346,25.3
3347,25.24
3348,26.8
3349,27.04
3350,28.01
3351,27.56
3352,27.58
3353,28.13
3354,28.98
3355,29.44
3356,29.24
3357,30
3358,29.66
3359,30.71
3360,30.76
3361,31.34
3362,30.18
3363,32.38
3364,31.67
3365,33.26
3366,33.29
3367,34.03
3368,34.13
3369,35.08
3370,35.09
3371,36.02
3372,35.72
3373,36.7
3374,37.43
3375,36.27
3376,36.87
3377,33.3
3378,31.08
3379,31.35
3380,33.68
3381,34.55
3382,33.48
3383,33.67
3384,32.18
3385,31.59
3386,30.01
3387,29.94
3388,29.78
3389,28.91
3390,28.42
3391,29.65
3392,30.64
3393,30.07
3394,29.19
3395,29.62
3396,29.99
3397,30.95
3398,31.25
3399,33.45
3400,33.5
3401,32.03
3402,30.38
3403,30.98
3404,31.29
3405,30.16
3406,30.98
3407,31.81
3408,31.17
3409,31.48
3410,31.31
3411,31.09
3412,30.15
3413,31.62
3414,30.81
3415,30.81
3416,31
3417,31.59
3418,31.3
3419,31.79
3420,32.26
3421,32.5
3422,33.05
3423,33.82
3424,34.16
3425,33.09
3426,34.23
3427,33.33
3428,33.11
3429,33.29
3430,33.35
3431,33.47
3432,32.59
3433,32.45
3434,32.53
3435,31.59
3436,30.37
3437,28.88
3438,27.47
3439,27.85
3440,26.85
3441,27.28
3442,26.81
3443,26.84
3444,24.32
3445,24.44
3446,25.11
3447,24.36
3448,23.29
3449,22.4
3450,22.23
3451,22.58
3452,22.29
3453,22.58
3454,23.43
3455,23.44
3456,24.57
3457,24.77
3458,24.75
3459,24.13
3460,24.98
3461,25.6
3462,25.63
3463,26.03
3464,25.52
3465,24.27
3466,24.74
3467,26.29
3468,27.69
3469,27.02
3470,27.04
3471,26.94
3472,27.04
3473,26.95
3474,26.32
3475,26.59
3476,27.17
3477,28.9
3478,29.25
3479,29.1
3480,29.54
3481,30.68
3482,29.53
3483,29.32
3484,28
3485,27.89
3486,26.33
3487,26.61
3488,27.05
3489,26.45
3490,26.1
3491,25.75
3492,26.12
3493,25.84
3494,25.28
3495,25.16
3496,24.76
3497,25.28
3498,25.98
3499,25.59
3500,25.91
3501,26.37
3502,25.78
3503,25.34
3504,24.8
3505,24.31
3506,23.37
3507,23.84
3508,23.19
3509,23.63
3510,23.21
3511,23.45
3512,23.94
3513,24.01
3514,24.41
3515,24.5
3516,23.77
3517,23.5
3518,23.31
3519,23.47
3520,24.35
3521,24.87
3522,24.02
3523,24.37
3524,25.64
3525,26.08
3526,27.12
3527,26.8
3528,26.8
3529,26.99
3530,26.11
3531,25.86
3532,25.57
3533,25.42
3534,25.76
3535,25.49
3536,26.71
3537,26.85
3538,27.21
3539,27.31
3540,26.82
3541,27.46
3542,27.59
3543,27.71
3544,27.45
3545,27.46
3546,28.27
3547,27.97
3548,27.77
3549,27.88
3550,28.19
3551,28.57
3552,29.3
3553,29.8
3554,29.72
3555,29.51
3556,28.85
3557,28.69
3558,29.11
3559,28.92
3560,28.55
3561,28.86
3562,28.95
3563,29.25
3564,28.73
3565,28.55
3566,28.88
3567,29.57
3568,29.03
3569,29.13
3570,28.5
3571,28.13
3572,27.61
3573,26.68
3574,26.24
3575,26.7
3576,26.86
3577,27.36
3578,27.66
3579,26.25
3580,25.68
3581,26.21
3582,25.73
3583,25.56
3584,25.97
3585,25.69
3586,26.55
3587,25.59
3588,24.69
3589,24.44
3590,23.62
3591,24.02
3592,23.58
3593,23.9
3594,23.1
3595,23.35
3596,23.43
3597,24.44
3598,24.37
3599,24.9
3600,24.94
3601,24.82
3602,24.46
3603,24.35
3604,24.23
3605,25.49
3606,25.6
3607,25.39
3608,25.94
3609,25.61
3610,25.28
3611,25.78
3612,25.88
3613,25.71
3614,25.61
3615,25.18
3616,24.68
3617,24.35
3618,25.36
3619,25.71
3620,25.66
3621,26.33
3622,26.22
3623,26.46
3624,26.67
3625,26.7
3626,26.8
3627,26.52
3628,26.27
3629,26.27
3630,26.61
3631,27.54
3632,27.59
3633,29.12
3634,28.24
3635,28.2
3636,29.22
3637,28.32
3638,27.54
3639,25.44
3640,25.57
3641,25.17
3642,20.63
3643,20.13
3644,20.67
3645,21.47
3646,21.87
3647,21.22
3648,21.29
3649,20.63
3650,20.94
3651,21.46
3652,20.91
3653,20.65
3654,21.02
3655,21.38
3656,20.57
3657,20.36
3658,20.47
3659,19.47
3660,19.21
3661,19.91
3662,20.38
3663,20.56
3664,20.37
3665,20.67
3666,20.31
3667,20.55
3668,20.41
3669,19.63
3670,19.39
3671,18.63
3672,18.78
3673,18.64
3674,18.86
3675,19.54
3676,20.72
3677,19.48
3678,20.47
3679,18.78
3680,16.51
3681,16.86
3682,16.55
3683,18.82
3684,18.44
3685,19.65
3686,19.4
3687,18.66
3688,19.09
3689,18.81
3690,18.54
3691,18.92
3692,20
3693,19.28
3694,19.27
3695,18.57
3696,17.81
3697,18.03
3698,17.61
3699,18.13
3700,17.8
3701,18.54
3702,18.58
3703,18.51
3704,19.03
3705,18.87
3706,18.73
3707,18.65
3708,18.87
3709,19.77
3710,19.35
3711,20.13
3712,20.47
3713,21.2
3714,21.08
3715,21.03
3716,20.21
3717,19.71
3718,20.08
3719,18.89
3720,18.86
3721,18.5
3722,18.2
3723,18.17
3724,18.32
3725,18.7
3726,18.89
3727,18.91
3728,19.04
3729,19.74
3730,19.26
3731,18.71
3732,19.07
3733,19.7
3734,20.26
3735,19.9
3736,19.97
3737,19.42
3738,20.01
3739,20.08
3740,21.75
3741,21.41
3742,20.97
3743,20.76
3744,20.12
3745,20.18
3746,19.44
3747,20.21
3748,20.14
3749,19.78
3750,19.95
3751,20.73
3752,20.73
3753,21.83
3754,21.59
3755,22.25
3756,22.11
3757,23.1
3758,22.32
3759,23.14
3760,22.7
3761,23.6
3762,23.76
3763,23.9
3764,23.8
3765,24.51
3766,24.78
3767,24.25
3768,24.83
3769,24.75
3770,24.6
3771,25.13
3772,25.34
3773,25.34
3774,26.06
3775,26.97
3776,26.72
3777,26.97
3778,25.39
3779,26.36
3780,25.48
3781,25.13
3782,24.22
3783,23.25
3784,23.39
3785,24.03
3786,25.26
3787,25.9
3788,25.86
3789,25.96
3790,26.26
3791,26.2
3792,26.47
3793,26.32
3794,26.85
3795,26.98
3796,26.67
3797,25.73
3798,25.8
3799,25.53
3800,26.09
3801,26.09
3802,26.89
3803,26.3
3804,27.12
3805,27.17
3806,25.71
3807,25.45
3808,25.97
3809,24.99
3810,24.32
3811,24.01
3812,23.76
3813,23.52
3814,24.71
3815,24.18
3816,23.72
3817,23.87
3818,23.19
3819,22.79
3820,22.99
3821,22.83
3822,22.37
3823,23.09
3824,23.72
3825,23.97
3826,24.69
3827,24.64
3828,24.85
3829,24.42
3830,24.14
3831,24.99
3832,25.32
3833,24.75
3834,25.39
3835,25.33
3836,25.65
3837,25.64
3838,25.59
3839,25.51
3840,25.75
3841,25.08
3842,24.9
3843,25.82
3844,25.83
3845,26.11
3846,26.16
3847,25.94
3848,26.19
3849,26.72
3850,26.37
3851,25.7
3852,25.65
3853,25.43
3854,25.36
3855,25.1
3856,25.2
3857,25.95
3858,26.28
3859,25.79
3860,25.17
3861,25.2
3862,25.69
3863,25.7
3864,25.51
3865,25.49
3866,25.63
3867,26.11
3868,26.47
3869,26.66
3870,27.33
3871,27.44
3872,27.63
3873,27.53
3874,27.81
3875,27.51
3876,27.56
3877,27.89
3878,27.54
3879,27.11
3880,27.56
3881,27.45
3882,26.58
3883,27.31
3884,27.54
3885,28.36
3886,28.67
3887,28.92
3888,28.68
3889,27.76
3890,28.53
3891,28.38
3892,27.76
3893,28.41
3894,28.45
3895,28.61
3896,29.36
3897,29.47
3898,29.11
3899,28.93
3900,29
3901,29.11
3902,29.42
3903,29.14
3904,28.46
3905,28.32
3906,28.38
3907,28.28
3908,28.29
3909,27.7
3910,28.18
3911,28.56
3912,28.66
3913,28.61
3914,28.22
3915,28.2
3916,27.01
3917,26.69
3918,26.68
3919,26.78
3920,25.96
3921,25.44
3922,25.71
3923,25.29
3924,25.51
3925,25.78
3926,25.21
3927,24.66
3928,23.73
3929,24.36
3930,23.54
3931,23.86
3932,24.01
3933,22.96
3934,22.82
3935,23.33
3936,23.41
3937,24.05
3938,24.05
3939,24.52
3940,24.79
3941,24.85
3942,24.56
3943,25.11
3944,25.7
3945,25.74
3946,25.73
3947,26.09
3948,25.99
3949,26.07
3950,25.67
3951,26.06
3952,26.35
3953,26.85
3954,27.29
3955,27.64
3956,28.73
3957,29.25
3958,29.95
3959,30.26
3960,29.59
3961,30.61
3962,30.93
3963,31.49
3964,32.02
3965,30.12
3966,30.32
3967,31.43
3968,31.43
3969,30.78
3970,29.3
3971,30.26
3972,30.07
3973,30.46
3974,31.36
3975,31.73
3976,32.29
3977,31.57
3978,32.23
3979,31.72
3980,32.07
3981,31.4
3982,31.62
3983,31.02
3984,30.73
3985,31.26
3986,31.42
3987,31.57
3988,30.95
3989,31.13
3990,31.77
3991,31.81
3992,32.23
3993,32.47
3994,32.51
3995,32.46
3996,33.23
3997,33.26
3998,33.06
3999,33.26
4000,33.16
4001,32.76
4002,32.76
4003,33.41
4004,33.64
4005,33.46
4006,34.09
4007,34
4008,33.4
4009,34.37
4010,33.92
4011,34.39
4012,34.47
4013,34.94
4014,34.06
4015,34.16
4016,33.98
4017,31.48
4018,30.35
4019,28.55
4020,28.4
4021,28
4022,25.59
4023,26.54
4024,27.28
4025,25.98
4026,27.29
4027,27.66
4028,28.05
4029,27.94
4030,26.29
4031,26.75
4032,25.62
4033,25.27
4034,24.88
4035,25.11
4036,25.16
4037,24.39
4038,24.72
4039,24.74
4040,24.86
4041,25.36
4042,25.76
4043,25.76
4044,25.72
4045,24.56
4046,24.06
4047,24.29
4048,23.42
4049,23.23
4050,23.6
4051,23.79
4052,23.73
4053,23.59
4054,23.91
4055,24.01
4056,24.48
4057,25.55
4058,25.69
4059,25.45
4060,25.98
4061,26.77
4062,27.18
4063,27.23
4064,26.69
4065,27.58
4066,27.32
4067,27.14
4068,26.78
4069,26.55
4070,26.48
4071,26.39
4072,26.58
4073,27.56
4074,27.99
4075,27.49
4076,28.16
4077,28.38
4078,28.62
4079,28.44
4080,28.97
4081,28.48
4082,27.39
4083,27.5
4084,27.14
4085,26.43
4086,26.21
4087,27.13
4088,27.13
4089,26.96
4090,27.34
4091,27.06
4092,27.45
4093,28.88
4094,28.33
4095,28.2
4096,28.63
4097,27.97
4098,27.23
4099,27.95
4100,28.21
4101,29.37
4102,29.36
4103,28.52
4104,28.87
4105,28.51
4106,28.59
4107,29.2
4108,28.01
4109,28.4
4110,27.67
4111,27.73
4112,28.3
4113,27.71
4114,28.27
4115,28.31
4116,28.68
4117,29.63
4118,29.91
4119,30.37
4120,30.01
4121,30.06
4122,30.59
4123,30.05
4124,30.13
4125,29.66
4126,28.96
4127,29.18
4128,29.88
4129,29.18
4130,29.28
4131,29.95
4132,30.22
4133,29.98
4134,30.08
4135,30.05
4136,30.1
4137,30.38
4138,29.64
4139,28.08
4140,27.89
4141,27.49
4142,27.72
4143,28.47
4144,27.64
4145,27.76
4146,27.48
4147,26.52
4148,26.38
4149,26.28
4150,25.76
4151,25.56
4152,25.51
4153,25.82
4154,25.74
4155,26.81
4156,27.04
4157,27.02
4158,27.77
4159,28.09
4160,27.98
4161,28.9
4162,29.14
4163,29.75
4164,29.35
4165,28.96
4166,30.21
4167,31.13
4168,31
4169,31.45
4170,31.23
4171,31.05
4172,30.27
4173,29.78
4174,29.61
4175,29.25
4176,29.63
4177,30.01
4178,29.38
4179,28.99
4180,28.56
4181,27.47
4182,27.88
4183,27.78
4184,27.32
4185,27.9
4186,28.52
4187,28.73
4188,28.82
4189,28.88
4190,28.58
4191,29.01
4192,29.78
4193,28.98
4194,29.26
4195,30.13
4196,29.88
4197,29.79
4198,27.99
4199,27.62
4200,28.23
4201,28.9
4202,28.95
4203,28.17
4204,29.1
4205,29.26
4206,29.25
4207,28.87
4208,30.52
4209,30.27
4210,30.02
4211,29.79
4212,30.24
4213,30.89
4214,30.64
4215,31.01
4216,30.79
4217,31.03
4218,28.78
4219,28.3
4220,29.45
4221,29.17
4222,30.1
4223,30.3
4224,29.55
4225,32.3
4226,31.2
4227,30.99
4228,31.11
4229,31.91
4230,31.41
4231,32.55
4232,31.84
4233,31.43
4234,31.26
4235,31.67
4236,32.26
4237,31.95
4238,31.42
4239,32.08
4240,31.15
4241,31.05
4242,30.77
4243,29.47
4244,29.53
4245,30.3
4246,30.07
4247,29.63
4248,29.02
4249,29.26
4250,29.1
4251,30.06
4252,30.33
4253,30.17
4254,30.96
4255,31.08
4256,31.43
4257,31.57
4258,31.63
4259,31.22
4260,31.89
4261,31.6
4262,32.46
4263,32.45
4264,32.94
4265,33.34
4266,34.15
4267,33.32
4268,33.45
4269,34.4
4270,34.27
4271,33.72
4272,32.83
4273,33.22
4274,32.76
4275,34.39
4276,34.72
4277,34.95
4278,34.43
4279,34.33
4280,33.57
4281,34.4
4282,34.14
4283,33.32
4284,32.51
4285,32.04
4286,33.04
4287,32.29
4288,32.59
4289,31.19
4290,31.17
4291,31.48
4292,33.07
4293,33.98
4294,34.03
4295,34.51
4296,34.15
4297,33.54
4298,33.72
4299,33.85
4300,34.71
4301,33.56
4302,33.23
4303,33.24
4304,33.78
4305,34.18
4306,34.11
4307,35.02
4308,34.66
4309,35.23
4310,34.97
4311,36.07
4312,36.58
4313,37.05
4314,37.25
4315,35.83
4316,36.97
4317,37.95
4318,38.3
4319,39.04
4320,38.88
4321,38.43
4322,38.35
4323,38.89
4324,37.6
4325,39.22
4326,38.46
4327,38.05
4328,37.03
4329,37
4330,37
4331,39.05
4332,37.99
4333,36.26
4334,35.97
4335,35.57
4336,35.47
4337,34.69
4338,35.75
4339,35.23
4340,35.22
4341,34.66
4342,34.56
4343,35.58
4344,35.43
4345,34.82
4346,34.95
4347,34.81
4348,34.71
4349,34.25
4350,33.24
4351,32.61
4352,33.22
4353,35.58
4354,35.36
4355,35.73
4356,36.47
4357,35.62
4358,37.13
4359,37.58
4360,37.73
4361,36.68
4362,37.51
4363,38.41
4364,38.49
4365,39.07
4366,38.96
4367,38.48
4368,39.16
4369,39.59
4370,39.75
4371,40.09
4372,41.08
4373,40.93
4374,41.47
4375,41.35
4376,41.82
4377,41.75
4378,42.49
4379,42.63
4380,43.21
4381,42.5
4382,42.45
4383,43.5
4384,44.13
4385,44.35
4386,44.05
4387,44.12
4388,44.84
4389,45.46
4390,44.39
4391,42.99
4392,42.39
4393,40.65
4394,40.72
4395,40.78
4396,39.8
4397,40.96
4398,42.39
4399,41.07
4400,40.4
4401,40.19
4402,39.91
4403,41.45
4404,41.03
4405,40.63
4406,41.34
4407,42.03
4408,40.68
4409,43.08
4410,43.6
4411,44.56
4412,45.66
4413,46.53
4414,46.13
4415,46.87
4416,47.52
4417,46.54
4418,47.76
4419,46.86
4420,46.99
4421,47.1
4422,47.95
4423,48.98
4424,49.41
4425,50.75
4426,51.28
4427,50.42
4428,51.31
4429,51.02
4430,49.16
4431,49.21
4432,50.78
4433,51.06
4434,52.28
4435,51.68
4436,52.04
4437,49.99
4438,48.88
4439,48.16
4440,46.84
4441,46.25
4442,46.14
4443,45.32
4444,44.37
4445,44.78
4446,43.27
4447,42.57
4448,42.22
4449,41.33
4450,39.32
4451,40.48
4452,40.27
4453,40.8
4454,42.29
4455,42.26
4456,43.03
4457,42.62
4458,43.12
4459,42.87
4460,44.05
4461,44.23
4462,41.19
4463,38.49
4464,38.57
4465,38.43
4466,37.11
4467,36.9
4468,38.33
4469,37.24
4470,36.77
4471,37.03
4472,41.53
4473,41.49
4474,43.06
4475,42.67
4476,42.76
4477,40.44
4478,40.29
4479,39.6
4480,39.6
4481,40.24
4482,38.93
4483,39.8
4484,40.38
4485,40.75
4486,41
4487,43.25
4488,43.28
4489,44.71
4490,43.45
4491,43.75
4492,45.76
4493,45.26
4494,45.1
4495,45.18
4496,45.16
4497,44.06
4498,45.88
4499,45.74
4500,46.14
4501,45.94
4502,46.51
4503,44.75
4504,44.51
4505,45.12
4506,44.17
4507,43.13
4508,43.26
4509,42.7
4510,42.79
4511,42.49
4512,44.04
4513,44.41
4514,44.51
4515,44.91
4516,45.42
4517,45.42
4518,45.86
4519,46.09
4520,47.6
4521,48.16
4522,49.24
4523,50.05
4524,50.13
4525,50.47
4526,51.05
4527,52.89
4528,52.1
4529,51.87
4530,53.29
4531,54.11
4532,53.04
4533,53.15
4534,53.68
4535,53.97
4536,54.61
4537,56.03
4538,55.97
4539,55.79
4540,55.39
4541,51.52
4542,52.35
4543,51.75
4544,51.42
4545,50.63
4546,53.22
4547,54.14
4548,55.92
4549,54.53
4550,54.08
4551,52.57
4552,51.83
4553,51.21
4554,51.53
4555,49.67
4556,50.21
4557,49.52
4558,48.58
4559,50.79
4560,51.53
4561,51.73
4562,53.51
4563,53.1
4564,52.47
4565,51.29
4566,50.74
4567,50.61
4568,50.89
4569,49.48
4570,50.36
4571,49.81
4572,49.7
4573,49.71
4574,50.61
4575,48.91
4576,47.4
4577,46.85
4578,46.42
4579,47.31
4580,47.35
4581,46.92
4582,46.91
4583,47.28
4584,47.29
4585,49.24
4586,49.71
4587,49.42
4588,49.33
4589,49.3
4590,50.46
4591,51.3
4592,51.9
4593,52.61
4594,51.62
4595,51.92
4596,51.36
4597,51.98
4598,52
4599,53.52
4600,54.12
4601,54.3
4602,56.92
4603,57.1
4604,57.36
4605,56.06
4606,57.03
4607,57.21
4608,58.5
4609,57.75
4610,55.42
4611,55.36
4612,56.41
4613,57.13
4614,57.86
4615,58.38
4616,57.55
4617,59
4618,56.1
4619,58.95
4620,58.33
4621,56.79
4622,56.98
4623,56.25
4624,56.75
4625,56.39
4626,55.59
4627,56.98
4628,57.51
4629,58.58
4630,58.34
4631,58.28
4632,59.77
4633,60.56
4634,60.13
4635,60.04
4636,60.62
4637,60.73
4638,62.56
4639,62.79
4640,63.77
4641,65.9
4642,67.26
4643,66.68
4644,65.1
4645,63.41
4646,61.75
4647,64.21
4648,65.87
4649,65.16
4650,65.25
4651,65.88
4652,66.23
4653,64.77
4654,66.15
4655,66.8
4656,66.79
4657,65.95
4658,64.16
4659,64.16
4660,63.6
4661,61.66
4662,62.62
4663,60.69
4664,61.31
4665,61.7
4666,61.9
4667,60.48
4668,64.04
4669,62.98
4670,64.31
4671,64.64
4672,62.17
4673,61.73
4674,62.56
4675,62.81
4676,62.02
4677,61.7
4678,61.64
4679,59.17
4680,59.33
4681,57.2
4682,57.29
4683,57.01
4684,58.1
4685,59.91
4686,59.48
4687,58.45
4688,59.81
4689,58.85
4690,58.13
4691,57.04
4692,56.94
4693,57.64
4694,58.72
4695,58.56
4696,58.1
4697,59.47
4698,58.47
4699,56.69
4700,58.53
4701,59.55
4702,60.48
4703,58.19
4704,57.89
4705,57.71
4706,55.85
4707,54.3
4708,54.1
4709,54.45
4710,53.68
4711,53.8
4712,52.84
4713,53.36
4714,54.21
4715,53.73
4716,53.41
4717,53.15
4718,52.91
4719,53.24
4720,53.25
4721,53.65
4722,54.91
4723,56.05
4724,55.68
4725,55.17
4726,56.26
4727,57.18
4728,57.23
4729,59.16
4730,59.59
4731,59.67
4732,58.11
4733,56.09
4734,56.08
4735,56.05
4736,57.3
4737,56.28
4738,56.54
4739,56.91
4740,57.72
4741,58.34
4742,61.51
4743,61.25
4744,61.68
4745,62.43
4746,62.51
4747,62.32
4748,61.54
4749,62.95
4750,61.58
4751,62.34
4752,63.22
4753,63.6
4754,63.64
4755,64.92
4756,64.56
4757,63.82
4758,62.61
4759,62.93
4760,64.95
4761,65.14
4762,63.19
4763,65.64
4764,63.49
4765,62.54
4766,63.32
4767,61.64
4768,60.82
4769,60.7
4770,59.66
4771,59.16
4772,58.27
4773,57.67
4774,56.78
4775,58.34
4776,60.05
4777,59.35
4778,58.71
4779,58.71
4780,60.13
4781,59.44
4782,59.78
4783,61.12
4784,62.27
4785,62.69
4786,61.41
4787,59.79
4788,58.42
4789,58.82
4790,59.04
4791,60.99
4792,62.39
4793,63.12
4794,62.07
4795,63.54
4796,62.3
4797,59.96
4798,61.23
4799,61.76
4800,62.78
4801,62.59
4802,64.31
4803,64.88
4804,65.95
4805,66.06
4806,67.28
4807,65.93
4808,66.74
4809,67.58
4810,67.11
4811,68.2
4812,68.52
4813,69.54
4814,69.39
4815,70.97
4816,72.69
4817,72.57
4818,73.94
4819,73.96
4820,72.86
4821,73.46
4822,71.79
4823,72.15
4824,73.37
4825,74.45
4826,73.73
4827,71.84
4828,71.22
4829,68.26
4830,70.6
4831,69.83
4832,72.2
4833,71.3
4834,68.69
4835,68.66
4836,67.52
4837,67.39
4838,66.93
4839,66.52
4840,68.97
4841,68.45
4842,68.51
4843,69.88
4844,69.16
4845,69.82
4846,67.57
4847,68.77
4848,68.42
4849,69.13
4850,68.25
4851,67.17
4852,65.76
4853,69.13
4854,68.62
4855,65.67
4856,65.52
4857,66.04
4858,65.01
4859,66.4
4860,67.57
4861,68.17
4862,69.6
4863,69.91
4864,69.85
4865,71.26
4866,71.76
4867,73.02
4868,73.2
4869,73.94
4870,73.17
4871,72.88
4872,73.12
4873,74.14
4874,72.39
4875,73.14
4876,73.04
4877,75.23
4878,76.13
4879,75.12
4880,75.32
4881,71.62
4882,72.56
4883,72.96
4884,72.09
4885,72.49
4886,73.76
4887,75.36
4888,73.95
4889,74.75
4890,76.39
4891,77.63
4892,76.28
4893,76.53
4894,77.82
4895,77.93
4896,78.26
4897,75.69
4898,75.19
4899,73.78
4900,73.57
4901,72.67
4902,70.42
4903,71.3
4904,72.42
4905,72.06
4906,71.12
4907,71.4
4908,72.58
4909,69.44
4910,67.01
4911,67.15
4912,67.66
4913,70.49
4914,68.62
4915,65.94
4916,65.41
4917,64.52
4918,64.3
4919,62.41
4920,62.23
4921,61.28
4922,60.75
4923,60.23
4924,61.47
4925,62.52
4926,59.09
4927,59.27
4928,58.81
4929,57.89
4930,58.53
4931,57.6
4932,60.68
4933,59.09
4934,58.8
4935,56.28
4936,55.82
4937,57.93
4938,56.9
4939,59.25
4940,57.8
4941,57.75
4942,57.87
4943,58.97
4944,58.22
4945,60.13
4946,58.51
4947,57.74
4948,57.94
4949,56.56
4950,56.56
4951,58.79
4952,58.76
4953,57.99
4954,57.08
4955,56.13
4956,56.37
4957,56.26
4958,56.55
4959,57.02
4960,56.99
4961,57.18
4962,59.72
4963,59.18
4964,56.88
4965,57.9
4966,57.97
4967,59.5
4968,57.01
4969,57.38
4970,59.53
4971,58.66
4972,59.7
4973,60.72
4974,60.52
4975,61.22
4976,62.13
4977,64.36
4978,64.74
4979,63.97
4980,63.65
4981,63.7
4982,63.17
4983,63.67
4984,62.59
4985,62.58
4986,61.89
4987,62.85
4988,62.91
4989,62.81
4990,62.19
4991,63.13
4992,62.13
4993,61.92
4994,60.7
4995,59.41
4996,58.96
4997,58.49
4998,56.63
4999,54.58
5000,52.82
5001,52.82
5002,52.38
5003,52.11
5004,51.68
5005,49.95
5006,51.28
5007,51.19
5008,50.83
5009,52.29
5010,54.34
5011,53.93
5012,55.11
5013,55.67
5014,55.29
5015,54.71
5016,54.69
5017,56.52
5018,56.74
5019,56.93
5020,58.67
5021,58.04
5022,58.35
5023,57.24
5024,57.21
5025,55.52
5026,56.12
5027,55.05
5028,54.25
5029,56.78
5030,55.91
5031,57.74
5032,58.62
5033,60.38
5034,60.34
5035,60.28
5036,59.39
5037,61.18
5038,61.92
5039,59.78
5040,59.68
5041,61.13
5042,60.9
5043,60.25
5044,60.59
5045,61.52
5046,60.89
5047,60.4
5048,60.93
5049,60.49
5050,60.11
5051,60.18
5052,61.57
5053,63.1
5054,64.43
5055,64.25
5056,66.15
5057,67.19
5058,68.47
5059,68.94
5060,68
5061,68.09
5062,69.15
5063,67.64
5064,68.6
5065,67.79
5066,68.78
5067,67.1
5068,66.34
5069,65.09
5070,66.17
5071,66.34
5072,66.8
5073,67.94
5074,67.44
5075,67.51
5076,67.28
5077,67.23
5078,67.4
5079,65.57
5080,64.85
5081,65.14
5082,62.7
5083,63.55
5084,63.5
5085,64.63
5086,65.18
5087,65.86
5088,66.74
5089,66.83
5090,69.08
5091,69.26
5092,69.51
5093,70.05
5094,71.01
5095,71.96
5096,70.72
5097,69.31
5098,67.64
5099,68.18
5100,68.65
5101,70.9
5102,71.36
5103,71.5
5104,72.36
5105,70.04
5106,68.85
5107,68.56
5108,69.24
5109,71.18
5110,71.63
5111,72.33
5112,72.17
5113,70.55
5114,71.81
5115,72.04
5116,71.36
5117,71.41
5118,71.84
5119,71.96
5120,72.22
5121,72.9
5122,74.26
5123,75.4
5124,76.58
5125,77.1
5126,77.88
5127,77.44
5128,78.24
5129,78.12
5130,78.17
5131,77.59
5132,78
5133,78.37
5134,79.09
5135,78.36
5136,75.88
5137,75.21
5138,77.28
5139,76.58
5140,76.07
5141,77.01
5142,77.11
5143,76.14
5144,75.36
5145,72.69
5146,70.42
5147,70.73
5148,70.08
5149,69.57
5150,71.3
5151,69.29
5152,71.3
5153,68.77
5154,69.8
5155,68.37
5156,67.88
5157,67.73
5158,68.73
5159,69.49
5160,68.85
5161,69.66
5162,70.48
5163,71.46
5164,72.29
5165,74.22
5166,74.72
5167,76.21
5168,75.08
5169,74.97
5170,76.23
5171,77.15
5172,77.84
5173,78.27
5174,77.99
5175,77
5176,78.47
5177,78.48
5178,78.91
5179,77.87
5180,76.82
5181,76.21
5182,78.88
5183,80.97
5184,78.33
5185,76.87
5186,77.8
5187,77.84
5188,79.05
5189,76.94
5190,77.82
5191,77.85
5192,80.83
5193,80.82
5194,82.5
5195,84.43
5196,85.24
5197,85.03
5198,84.25
5199,82.72
5200,82.31
5201,83.47
5202,85.4
5203,84.71
5204,89.87
5205,89.87
5206,89.87
5207,90.36
5208,92.11
5209,92.16
5210,93.99
5211,94.85
5212,94.4
5213,92.32
5214,91.56
5215,89.09
5216,90.73
5217,90.32
5218,91.99
5219,91.59
5220,94.13
5221,94.97
5222,95.33
5223,94.88
5224,93.23
5225,91.64
5226,92.34
5227,88.71
5228,87.85
5229,89.97
5230,90.7
5231,88.46
5232,88.46
5233,87.33
5234,87.77
5235,91.69
5236,92.57
5237,91.86
5238,90.32
5239,90.71
5240,90.98
5241,91.06
5242,91.03
5243,91.59
5244,95.66
5245,95.92
5246,93.68
5247,97.01
5248,98.45
5249,96.87
5250,94.19
5251,96.37
5252,96.76
5253,92.8
5254,91.86
5255,92.58
5256,90.87
5257,88.1
5258,88.96
5259,89.66
5260,88.11
5261,87.06
5262,87.69
5263,90.96
5264,90.91
5265,92.49
5266,92.46
5267,91.58
5268,91.41
5269,91.09
5270,89.6
5271,88.73
5272,88.55
5273,91.45
5274,93.93
5275,94.28
5276,93.82
5277,95.92
5278,96.96
5279,97.03
5280,97.88
5281,97.52
5282,96.07
5283,97.43
5284,99.05
5285,98.28
5286,99.83
5287,100.9
5288,101.83
5289,98.6
5290,100.95
5291,103.47
5292,104.66
5293,105.33
5294,106.78
5295,107.99
5296,109.18
5297,109.16
5298,104.41
5299,105.35
5300,102.65
5301,99.78
5302,100.93
5303,99.91
5304,102.83
5305,103.89
5306,102.68
5307,102.33
5308,98.69
5309,98.85
5310,102.31
5311,102.21
5312,105.98
5313,105.05
5314,107.46
5315,107.37
5316,107.15
5317,108.32
5318,110.84
5319,110.95
5320,111.34
5321,110.67
5322,111.35
5323,113.54
5324,115.34
5325,114.85
5326,116.62
5327,115.7
5328,113.86
5329,111.12
5330,107.3
5331,111.92
5332,115.68
5333,119.88
5334,120.27
5335,119.85
5336,123.54
5337,122.89
5338,123.11
5339,121.18
5340,122.76
5341,122.98
5342,122.19
5343,124.12
5344,127.28
5345,129.04
5346,129.72
5347,128.92
5348,128.93
5349,129.33
5350,127.85
5351,128.5
5352,126.28
5353,121.72
5354,122.36
5355,132.81
5356,134.43
5357,135.24
5358,134.52
5359,132.11
5360,134.29
5361,133.9
5362,131.27
5363,129.12
5364,131.84
5365,134.28
5366,134.54
5367,135.37
5368,131.59
5369,136.82
5370,139.38
5371,138.4
5372,140.67
5373,141.24
5374,143.95
5375,139.62
5376,134.15
5377,133.91
5378,135.81
5379,143.68
5380,142.43
5381,136.02
5382,133.31
5383,134.16
5384,129.34
5385,129.34
5386,127.18
5387,126.86
5388,125.43
5389,124.7
5390,125.67
5391,125.77
5392,122.46
5393,124.1
5394,124.16
5395,121.87
5396,116.5
5397,114.47
5398,116.94
5399,113.03
5400,110.54
5401,108.98
5402,110.68
5403,111.82
5404,108.8
5405,109.33
5406,109.02
5407,108.72
5408,117.24
5409,113.99
5410,109.74
5411,112.2
5412,113.05
5413,113.54
5414,113.49
5415,104.94
5416,103.88
5417,103.41
5418,102.51
5419,101.08
5420,98.94
5421,96
5422,96.01
5423,94.37
5424,90.45
5425,85.85
5426,86.09
5427,90.89
5428,93.46
5429,100.43
5430,100.72
5431,102.09
5432,100.45
5433,100.88
5434,95.96
5435,93.52
5436,92.19
5437,88.88
5438,88.95
5439,84.71
5440,83.17
5441,80.77
5442,81.65
5443,74.58
5444,74.37
5445,74.98
5446,66.86
5447,64.14
5448,66.05
5449,67.45
5450,65.99
5451,62.95
5452,65.06
5453,60.57
5454,59.34
5455,58.87
5456,64
5457,60.86
5458,60
5459,60.32
5460,62.78
5461,61.09
5462,56.14
5463,56.84
5464,57.08
5465,54.76
5466,52.47
5467,51.32
5468,50.7
5469,50.82
5470,49.1
5471,48.35
5472,45.79
5473,44.91
5474,49.51
5475,47.51
5476,49.39
5477,47.72
5478,47.58
5479,45.64
5480,44.39
5481,43.83
5482,37.04
5483,40.02
5484,39.77
5485,39.34
5486,43.54
5487,42.38
5488,45.02
5489,42
5490,41.84
5491,40.19
5492,39.52
5493,38.08
5494,35.27
5495,34.45
5496,33.73
5497,34.16
5498,35.22
5499,35.82
5500,42.94
5501,45.84
5502,48.89
5503,46.23
5504,42.94
5505,42.34
5506,40.86
5507,43.05
5508,42.27
5509,42.32
5510,43.42
5511,41.22
5512,39.9
5513,42.42
5514,43.13
5515,48
5516,42.86
5517,42.86
5518,43.13
5519,44.17
5520,42.96
5521,43.15
5522,43.68
5523,43.92
5524,44.49
5525,47.23
5526,45.88
5527,44.24
5528,47.23
5529,43.36
5530,39.69
5531,39.41
5532,42.36
5533,42.19
5534,41.27
5535,40.18
5536,42.37
5537,45.15
5538,44.41
5539,42.6
5540,42.72
5541,46.07
5542,44.45
5543,43.48
5544,44.55
5545,44.99
5546,43.2
5547,42.19
5548,44.97
5549,44.12
5550,45.53
5551,45.22
5552,48.03
5553,49.27
5554,51.84
5555,51.32
5556,51.46
5557,51.89
5558,50.81
5559,49.05
5560,46.13
5561,45.92
5562,50.89
5563,50.48
5564,50.91
5565,50.62
5566,52.06
5567,52.33
5568,50.73
5569,52.06
5570,51.31
5571,51.83
5572,52.02
5573,49.06
5574,48.69
5575,48.5
5576,48.29
5577,50.29
5578,48.67
5579,48.64
5580,50.22
5581,50.3
5582,51.75
5583,53.26
5584,53.16
5585,55.07
5586,56.63
5587,56.02
5588,55.99
5589,56.52
5590,56.84
5591,56.25
5592,56.33
5593,56.51
5594,57.12
5595,59.1
5596,58.02
5597,58.7
5598,59.05
5599,61.28
5600,63.47
5601,64.98
5602,66.6
5603,67.67
5604,66.15
5605,67.68
5606,67.77
5607,67.61
5608,68.94
5609,70.52
5610,71.71
5611,70.62
5612,68.49
5613,70.52
5614,68.95
5615,69.96
5616,70.48
5617,66.13
5618,66.36
5619,68.47
5620,68.82
5621,68.1
5622,69.75
5623,68.11
5624,68.52
5625,65.74
5626,63.12
5627,61.54
5628,59.71
5629,59.17
5630,58.43
5631,58.25
5632,60.48
5633,61.25
5634,62.02
5635,63.54
5636,64.64
5637,65.93
5638,65.36
5639,68.06
5640,68.82
5641,69.78
5642,68.53
5643,65.79
5644,68.82
5645,70.08
5646,72.9
5647,73.82
5648,74.39
5649,74.61
5650,74.21
5651,73.79
5652,71.58
5653,74.03
5654,73.76
5655,71.33
5656,68.65
5657,68.66
5658,72.81
5659,73.75
5660,73.71
5661,74.34
5662,73.1
5663,70.74
5664,70.68
5665,72.8
5666,69.02
5667,68.78
5668,67.6
5669,66.78
5670,65.84
5671,69.2
5672,69.76
5673,68.96
5674,68.76
5675,66.91
5676,66.53
5677,68.51
5678,71.56
5679,70.72
5680,68.11
5681,69.65
5682,67.43
5683,64.99
5684,64.6
5685,65.43
5686,64.63
5687,65.82
5688,67.12
5689,66.5
5690,65.26
5691,68.51
5692,67.65
5693,68.47
5694,69.45
5695,70.75
5696,70.81
5697,72.16
5698,73.14
5699,74.58
5700,75.86
5701,76.51
5702,77.74
5703,78.36
5704,77.72
5705,76.45
5706,76.69
5707,75.11
5708,77.18
5709,74.91
5710,75.56
5711,75.68
5712,78.21
5713,78.02
5714,75.51
5715,77.18
5716,77.07
5717,76.99
5718,75.18
5719,74.81
5720,77.14
5721,77.36
5722,78.64
5723,76.45
5724,75.61
5725,78.14
5726,75.35
5727,76.57
5728,76
5729,77.77
5730,78.68
5731,76.96
5732,77.76
5733,77.74
5734,76.18
5735,74.93
5736,73.63
5737,70.91
5738,70.07
5739,71.19
5740,71.33
5741,73.34
5742,71.28
5743,71.87
5744,72.74
5745,71.64
5746,73.87
5747,75.15
5748,76.59
5749,76.65
5750,77.62
5751,77.91
5752,79.05
5753,79.27
5754,80.14
5755,80.57
5756,80.06
5757,80.14
5758,79.38
5759,77.57
5760,77.61
5761,76.85
5762,75.18
5763,75.09
5764,74.13
5765,72.73
5766,72.18
5767,72.63
5768,72.75
5769,70.65
5770,71.2
5771,71.58
5772,73.94
5773,75.77
5774,71.3
5775,70.11
5776,69.62
5777,70.4
5778,70.4
5779,72.35
5780,71.49
5781,74.82
5782,74.89
5783,76.61
5784,76.88
5785,76.95
5786,76.44
5787,77
5788,74.38
5789,76.36
5790,76.07
5791,77.5
5792,78.66
5793,77.88
5794,79.2
5795,78.94
5796,78.77
5797,80.29
5798,79.44
5799,79.38
5800,77.08
5801,79.45
5802,80.28
5803,80.09
5804,78.37
5805,78.09
5806,79.17
5807,78.03
5808,78.64
5809,77.98
5810,79.89
5811,79.46
5812,80.37
5813,82.63
5814,84.48
5815,85.05
5816,84.49
5817,82.63
5818,82.77
5819,85.21
5820,83.44
5821,85.81
5822,86.9
5823,84.81
5824,83.09
5825,84.73
5826,84.55
5827,84.58
5828,86.09
5829,86.72
5830,85.59
5831,84.59
5832,86.82
5833,86.19
5834,88.09
5835,85.39
5836,82.31
5837,80.21
5838,76.48
5839,78.08
5840,79
5841,78.7
5842,79.41
5843,76.43
5844,73.87
5845,75.12
5846,71.86
5847,69.56
5848,70.45
5849,69.62
5850,67.18
5851,70.59
5852,73.56
5853,73
5854,73.08
5855,72.78
5856,73.12
5857,71.84
5858,71.09
5859,71.43
5860,73.68
5861,74.33
5862,73.28
5863,75.11
5864,75.29
5865,76.12
5866,77.52
5867,77.05
5868,78.53
5869,78.08
5870,75.22
5871,75.17
5872,76.21
5873,76.66
5874,74.21
5875,74.94
5876,71.73
5877,71.75
5878,73.08
5879,72.97
5880,74.56
5881,75.2
5882,74.35
5883,76.45
5884,76.63
5885,75.52
5886,75.55
5887,76.29
5888,76.31
5889,75.75
5890,77.59
5891,77.27
5892,77.9
5893,75.52
5894,76.66
5895,78.6
5896,77.5
5897,81.93
5898,83.6
5899,83.76
5900,82.9
5901,81.28
5902,81.54
5903,79.89
5904,77.83
5905,76.63
5906,75.14
5907,74.56
5908,76.74
5909,75.1
5910,74.84
5911,73.48
5912,73.08
5913,70.61
5914,70.74
5915,74.5
5916,75.16
5917,76.05
5918,75.51
5919,75.53
5920,74.93
5921,75.03
5922,75.78
5923,77.48
5924,77.87
5925,77.54
5926,78.52
5927,78.89
5928,78.46
5929,78.89
5930,77.43
5931,79.42
5932,78.76
5933,77.29
5934,77.69
5935,78.73
5936,77.71
5937,79.14
5938,78.79
5939,80.77
5940,82.69
5941,83.42
5942,83.35
5943,85.01
5944,83.67
5945,83.88
5946,83.08
5947,82.99
5948,84.01
5949,83.55
5950,81.94
5951,82.3
5952,81.12
5953,81.68
5954,81.28
5955,80.75
5956,81.91
5957,82.62
5958,81.27
5959,82.97
5960,82.47
5961,84.06
5962,84.71
5963,85.33
5964,86.83
5965,87.05
5966,87.15
5967,87.93
5968,87.92
5969,88.08
5970,86.07
5971,85.49
5972,83.98
5973,83.36
5974,83.7
5975,83.17
5976,82.34
5977,82.37
5978,84.53
5979,84.78
5980,85.9
5981,86.02
5982,88.56
5983,89.37
5984,90.65
5985,91.25
5986,90.78
5987,89.74
5988,89.93
5989,89.54
5990,90.4
5991,90.63
5992,91.33
5993,91.09
5994,91.11
5995,91.31
5996,93.11
5997,93.55
5998,93.63
5999,93.08
6000,93.52
6001,93.52
6002,92.5
6003,93.23
6004,95.82
6005,93.52
6006,95.07
6007,94.95
6008,94.25
6009,95.05
6010,96.8
6011,97.86
6012,97.86
6013,97.86
6014,97.83
6015,98.42
6016,96.27
6017,96.84
6018,96.76
6019,96.76
6020,96.04
6021,96.48
6022,97.06
6023,98.97
6024,100.4
6025,101.3
6026,101.69
6027,99.43
6028,99.44
6029,99.25
6030,100.16
6031,100.74
6032,99.93
6033,103.12
6034,102.48
6035,102.78
6036,103.45
6037,102.2
6038,106.82
6039,109.77
6040,113.91
6041,111.47
6042,112.27
6043,113.34
6044,116.89
6045,114.42
6046,115.71
6047,116.58
6048,112.32
6049,115.19
6050,114.07
6051,114.07
6052,112.95
6053,111.11
6054,110.96
6055,114.18
6056,114.13
6057,114.92
6058,115.63
6059,115.65
6060,115.41
6061,115.45
6062,115.95
6063,115.58
6064,115.35
6065,116.94
6066,118.63
6067,120.07
6068,122.87
6069,123.01
6070,122.9
6071,126.3
6072,126.46
6073,121.33
6074,122.7
6075,122.74
6076,124.63
6077,121.69
6078,121.35
6079,124.26
6080,123.64
6081,124.55
6082,124.94
6083,126.59
6084,126.64
6085,124.01
6086,121.55
6087,111.93
6088,113.69
6089,113.21
6090,117.82
6091,115.66
6092,112.87
6093,113.08
6094,113.72
6095,109.39
6096,112.54
6097,113.2
6098,111.25
6099,110.13
6100,112.52
6101,114.47
6102,115.06
6103,114.85
6104,117.18
6105,116.15
6106,114.3
6107,115.09
6108,115.4
6109,116.14
6110,118.43
6111,119.95
6112,118.71
6113,120.49
6114,120.35
6115,114.67
6116,114.69
6117,113.74
6118,112.21
6119,112.02
6120,113.59
6121,108.27
6122,104.79
6123,104.57
6124,107.57
6125,111.49
6126,111.71
6127,109.82
6128,113.21
6129,113.55
6130,117.4
6131,117.4
6132,117.35
6133,117.36
6134,118.46
6135,117.38
6136,118.06
6137,117.05
6138,118.18
6139,118.52
6140,118.25
6141,118.99
6142,118.27
6143,118.14
6144,117.99
6145,118.16
6146,115.93
6147,116.37
6148,116.02
6149,113.74
6150,110.22
6151,106.92
6152,103.06
6153,103.63
6154,103.84
6155,107.82
6156,108.17
6157,108.89
6158,109.69
6159,111.37
6160,108.36
6161,109.37
6162,108.83
6163,110.35
6164,111.91
6165,111.91
6166,112.29
6167,115.59
6168,116.48
6169,116.43
6170,115.92
6171,113.29
6172,117.5
6173,117.99
6174,115.1
6175,114.75
6176,114.08
6177,113.1
6178,116.71
6179,116.26
6180,112.89
6181,114.39
6182,114.26
6183,109.21
6184,109.17
6185,107.9
6186,109.54
6187,108.52
6188,107.08
6189,105.42
6190,103.61
6191,101.84
6192,103.77
6193,104.38
6194,106.56
6195,109.49
6196,109.22
6197,112.44
6198,112.45
6199,114.33
6200,112.92
6201,112.08
6202,111.76
6203,109
6204,111.6
6205,111.67
6206,112.11
6207,110.43
6208,112.45
6209,110.01
6210,108.43
6211,106.97
6212,110.82
6213,110.76
6214,112.22
6215,114.75
6216,115.61
6217,115.29
6218,113.32
6219,114.43
6220,112.57
6221,111.9
6222,111.91
6223,109.25
6224,107.82
6225,105.98
6226,107.77
6227,106.83
6228,106.08
6229,109.38
6230,111.25
6231,111.22
6232,108.83
6233,109.59
6234,110.18
6235,110.16
6236,110.07
6237,108.23
6238,107.91
6239,107.82
6240,109.25
6241,105.72
6242,104.52
6243,104
6244,104.55
6245,107.8
6246,108
6247,108.98
6248,109.28
6249,107.54
6250,106.89
6251,108.09
6252,111.12
6253,113.37
6254,113.59
6255,111.96
6256,111.07
6257,113.3
6258,111.66
6259,112.97
6260,109.88
6261,110.55
6262,109.81
6263,109.54
6264,108.5
6265,109.46
6266,108.38
6267,108.48
6268,109.08
6269,110.5
6270,110.24
6271,110.26
6272,111.96
6273,110.96
6274,112.56
6275,115.47
6276,116.86
6277,117.18
6278,118.4
6279,118.13
6280,118.73
6281,118.3
6282,120.25
6283,121
6284,120.69
6285,120.85
6286,123.07
6287,124.53
6288,124.89
6289,126.46
6290,124.02
6291,122.23
6292,125.76
6293,125.93
6294,126.68
6295,125.03
6296,125.37
6297,127.96
6298,128.08
6299,127.27
6300,128.14
6301,126.98
6302,123.63
6303,125.09
6304,125.76
6305,124.38
6306,123.89
6307,122.49
6308,125.21
6309,125.85
6310,125.25
6311,124.41
6312,123.23
6313,123.41
6314,124.44
6315,123.04
6316,123.58
6317,121.89
6318,120.41
6319,120.57
6320,120.62
6321,118.23
6322,117.41
6323,115.18
6324,117
6325,118.08
6326,116.66
6327,117.74
6328,117.45
6329,119.33
6330,119.3
6331,118.66
6332,119.57
6333,117.57
6334,115.91
6335,111.66
6336,110.48
6337,111.89
6338,112.24
6339,112.5
6340,110.79
6341,111.4
6342,109.8
6343,109.31
6344,108.03
6345,109.02
6346,109.76
6347,106.88
6348,107.2
6349,107.86
6350,107.55
6351,103.85
6352,103.86
6353,98.63
6354,97.74
6355,98.65
6356,101.14
6357,100.05
6358,97.57
6359,98.6
6360,96.59
6361,97.29
6362,96.46
6363,97.13
6364,95.21
6365,95.14
6366,93.5
6367,89.22
6368,89.22
6369,88.69
6370,90.19
6371,92.06
6372,91.02
6373,94.17
6374,95.28
6375,99.89
6376,101.54
6377,98.5
6378,99.94
6379,99.15
6380,99.23
6381,99.18
6382,101.91
6383,102.1
6384,104.21
6385,105.92
6386,107.79
6387,106.98
6388,103.91
6389,103.57
6390,102.35
6391,104.77
6392,106.3
6393,106.54
6394,105.93
6395,106.78
6396,107.55
6397,109.57
6398,110.01
6399,112.39
6400,113.42
6401,113.52
6402,113.13
6403,114.48
6404,113.9
6405,115.51
6406,116.12
6407,115.2
6408,115.5
6409,116.03
6410,115.77
6411,117.45
6412,115.76
6413,113.74
6414,112.62
6415,112.53
6416,112.28
6417,113.93
6418,114.98
6419,113.32
6420,114.5
6421,113.64
6422,113.84
6423,114.86
6424,114.86
6425,116
6426,117.48
6427,116.7
6428,113.29
6429,108.49
6430,109.41
6431,111.27
6432,109.2
6433,110.77
6434,108.99
6435,111.45
6436,111.36
6437,112.58
6438,112.49
6439,109.32
6440,110.48
6441,112.17
6442,112.6
6443,114.32
6444,116.11
6445,116.18
6446,115.17
6447,115
6448,115
6449,113.49
6450,112.58
6451,111.89
6452,109.62
6453,107.53
6454,107.66
6455,107.64
6456,108.9
6457,109.33
6458,109.4
6459,109.89
6460,108.84
6461,106.79
6462,105.59
6463,109.27
6464,108.21
6465,107.23
6466,108.61
6467,110.23
6468,108.82
6469,109.66
6470,110.07
6471,106.81
6472,110.06
6473,110.01
6474,110.81
6475,110.14
6476,110.18
6477,109.33
6478,108.26
6479,110.47
6480,110.84
6481,111.27
6482,109.99
6483,108.96
6484,108.01
6485,107.16
6486,108.25
6487,107.6
6488,110.17
6489,110.18
6490,109.28
6491,109.35
6492,109.96
6493,109.95
6494,110.57
6495,109.13
6496,108.44
6497,110.72
6498,110.04
6499,110.05
6500,110.8
6501,112.98
6502,113.03
6503,112.58
6504,112.49
6505,113.03
6506,113.07
6507,112.97
6508,110.3
6509,111.32
6510,111.72
6511,110.97
6512,111.01
6513,111.71
6514,112.72
6515,113.68
6516,114.59
6517,113.88
6518,113.92
6519,115.22
6520,115.42
6521,115.55
6522,115.55
6523,116.06
6524,117.03
6525,116.61
6526,117.17
6527,118.9
6528,118.29
6529,117.89
6530,118.43
6531,118.48
6532,117.4
6533,117.04
6534,116.23
6535,114.19
6536,113.74
6537,114.55
6538,112.96
6539,112.24
6540,112.2
6541,110.14
6542,109.9
6543,110.42
6544,110.27
6545,110.42
6546,108.91
6547,108.64
6548,108.48
6549,107.51
6550,108.1
6551,109.32
6552,108.54
6553,106.91
6554,108.27
6555,106.41
6556,106.51
6557,106.66
6558,107.1
6559,108.51
6560,108.46
6561,108.76
6562,109.66
6563,107.82
6564,105.09
6565,103.98
6566,103.16
6567,104.08
6568,104.8
6569,103.62
6570,100.58
6571,99.32
6572,97.88
6573,96.84
6574,97.48
6575,98.94
6576,99.07
6577,99.25
6578,100.71
6579,101.62
6580,102.39
6581,102.88
6582,101.53
6583,98.34
6584,100.32
6585,104.6
6586,105
6587,105.18
6588,103.79
6589,103.59
6590,101.31
6591,102.17
6592,102.7
6593,101.57
6594,104.27
6595,103.83
6596,104.55
6597,103.1
6598,102.14
6599,100.46
6600,101.24
6601,103.77
6602,102.14
6603,101.79
6604,100.43
6605,101.63
6606,102.04
6607,103.51
6608,103.37
6609,104.07
6610,103.87
6611,101.5
6612,103.11
6613,103.38
6614,105.1
6615,105.8
6616,105.21
6617,105.56
6618,102.72
6619,100.36
6620,99.8
6621,101.51
6622,100.62
6623,102.74
6624,102.49
6625,103.19
6626,103.96
6627,106.12
6628,107.46
6629,107.75
6630,107.9
6631,108.43
6632,108.18
6633,109.03
6634,109.05
6635,109.29
6636,109.67
6637,109.71
6638,109.34
6639,108.82
6640,109.27
6641,108.23
6642,108.1
6643,107.57
6644,108.1
6645,107.47
6646,107.89
6647,109.94
6648,109.63
6649,109.81
6650,108.77
6651,108.39
6652,107.32
6653,108.49
6654,109.28
6655,110.69
6656,110.26
6657,111.58
6658,111.82
6659,111.41
6660,110.74
6661,110.82
6662,110.51
6663,112.12
6664,112.23
6665,115.21
6666,116.27
6667,116.91
6668,115.97
6669,115.49
6670,115.65
6671,115.81
6672,117.15
6673,115.2
6674,112.1
6675,112.37
6676,113.11
6677,113.31
6678,110.86
6679,109.05
6680,109.09
6681,110.66
6682,110.22
6683,108.56
6684,107.68
6685,109.46
6686,108.86
6687,109.45
6688,107.85
6689,107.32
6690,109.09
6691,109.49
6692,109.42
6693,109.66
6694,110.56
6695,109.02
6696,111.63
6697,110.65
6698,110.13
6699,110.67
6700,110.79
6701,109.55
6702,109.4
6703,109.47
6704,109.57
6705,107.74
6706,106.63
6707,105.7
6708,108.29
6709,108.04
6710,108.41
6711,107.53
6712,105.78
6713,104.85
6714,105.01
6715,105.46
6716,103.08
6717,104.29
6718,105.76
6719,106.29
6720,106.9
6721,108.29
6722,108.25
6723,108.8
6724,108.29
6725,108.27
6726,109.9
6727,111.36
6728,110.83
6729,112.04
6730,111.32
6731,111.07
6732,111.49
6733,113.06
6734,113.27
6735,112.07
6736,111.5
6737,110.07
6738,108.91
6739,109.47
6740,108.99
6741,108.08
6742,110.3
6743,108.91
6744,109.56
6745,110.78
6746,112.15
6747,111.58
6748,111.57
6749,111.65
6750,112.06
6751,110.47
6752,109.95
6753,107.94
6754,106.57
6755,106.71
6756,107.01
6757,107.42
6758,107.49
6759,106.44
6760,108.02
6761,107.12
6762,108.09
6763,107.46
6764,108.45
6765,108.01
6766,109.17
6767,109.69
6768,109.69
6769,109.14
6770,108.72
6771,109.1
6772,108.83
6773,109.36
6774,108.16
6775,106.55
6776,107.04
6777,106.81
6778,108.15
6779,110.12
6780,110.18
6781,109.21
6782,108.62
6783,108.98
6784,108.63
6785,110.14
6786,110.37
6787,109.42
6788,109.03
6789,109.76
6790,109.19
6791,109.39
6792,108.54
6793,108.98
6794,111.26
6795,109.17
6796,108.15
6797,107.99
6798,109.14
6799,108.27
6800,108.35
6801,107.88
6802,107.48
6803,108.08
6804,106.99
6805,106.79
6806,105.95
6807,105.73
6808,107.2
6809,106.59
6810,107.01
6811,105.9
6812,106.58
6813,106.64
6814,105.95
6815,105.7
6816,103.37
6817,104.88
6818,106.41
6819,104.89
6820,105.83
6821,107.39
6822,107.1
6823,107.34
6824,107.68
6825,109.1
6826,109.71
6827,109.79
6828,109.69
6829,108.54
6830,108.48
6831,109.79
6832,109.53
6833,109.12
6834,109.89
6835,108.63
6836,108.63
6837,109.48
6838,109.48
6839,108.3
6840,108.17
6841,108.19
6842,108.26
6843,108.37
6844,108.78
6845,109.87
6846,109.74
6847,110.9
6848,110.84
6849,110.35
6850,111.32
6851,110.89
6852,110.19
6853,110.01
6854,109.81
6855,109.09
6856,109.98
6857,109.21
6858,109.34
6859,108.87
6860,109.07
6861,108.43
6862,109.21
6863,110.55
6864,109.18
6865,109.83
6866,112.18
6867,113.15
6868,113.42
6869,114.02
6870,114.25
6871,115.19
6872,114.55
6873,113.62
6874,113.74
6875,112.84
6876,112.61
6877,112.62
6878,111.03
6879,110.84
6880,110.18
6881,108.98
6882,108.7
6883,107.65
6884,106.84
6885,106.2
6886,105.77
6887,104.73
6888,104.73
6889,105.41
6890,106.04
6891,106.03
6892,105.71
6893,106.48
6894,106.85
6895,105.78
6896,106.89
6897,106.7
6898,106.98
6899,106.47
6900,104.94
6901,103.45
6902,103.63
6903,102.82
6904,104.17
6905,104.02
6906,103.36
6907,103.47
6908,101.68
6909,102.27
6910,101.15
6911,101.13
6912,99.37
6913,99.74
6914,99.92
6915,100.28
6916,100.09
6917,100.49
6918,100.5
6919,100.4
6920,100.71
6921,101.12
6922,100.21
6923,100.88
6924,101.21
6925,99.51
6926,99.53
6927,98.08
6928,96.26
6929,96.42
6930,96.31
6931,96.43
6932,97.39
6933,97.7
6934,96.82
6935,96.75
6936,95.37
6937,94.87
6938,94.53
6939,95.2
6940,95.08
6941,95.7
6942,94.67
6943,94.57
6944,91.29
6945,90.8
6946,90.65
6947,90.9
6948,90.25
6949,90.47
6950,88.66
6951,87.82
6952,86.36
6953,84.02
6954,84.02
6955,85.27
6956,84.42
6957,85.17
6958,86.38
6959,85.94
6960,86
6961,85.64
6962,85.57
6963,86.91
6964,85.5
6965,84.17
6966,84.9
6967,82.12
6968,82.88
6969,82.08
6970,83.2
6971,82.9
6972,80.94
6973,80.42
6974,77.74
6975,77.51
6976,76.86
6977,77.23
6978,77.21
6979,77.61
6980,79.2
6981,79.62
6982,77.62
6983,77.39
6984,71.89
6985,70.87
6986,71.13
6987,70.13
6988,68.48
6989,68
6990,65.64
6991,66.11
6992,63.32
6993,63.65
6994,61.67
6995,61.09
6996,60.26
6997,59.84
6998,58.81
6999,58.87
7000,58.31
7001,59.07
7002,58.67
7003,58.72
7004,57.86
7005,55.6
7006,55.27
7007,55.38
7008,51.08
7009,50.12
7010,49.06
7011,49.43
7012,47.64
7013,46.9
7014,45.13
7015,45.82
7016,47.66
7017,47.38
7018,46.49
7019,46.5
7020,46.09
7021,46.69
7022,46.07
7023,46.55
7024,47.07
7025,46.61
7026,47.52
7027,51.74
7028,54.41
7029,55.07
7030,55.98
7031,55.88
7032,57
7033,55.79
7034,53.48
7035,56.23
7036,60.33
7037,61.57
7038,60.78
7039,60.72
7040,58.78
7041,60.99
7042,59.78
7043,60.33
7044,59.77
7045,61.39
7046,61.89
7047,60.75
7048,61.18
7049,59.18
7050,60.33
7051,59.15
7052,58.67
7053,55.95
7054,56.46
7055,56.66
7056,54.8
7057,52
7058,52.17
7059,52.59
7060,52.96
7061,53.88
7062,53.82
7063,53.61
7064,54.18
7065,57.02
7066,56.44
7067,53.99
7068,53.69
7069,55.73
7070,55.73
7071,55.73
7072,57.55
7073,56.42
7074,56.04
7075,56.82
7076,57.14
7077,57.69
7078,59.32
7079,60.13
7080,61.31
7081,61.2
7082,60.12
7083,60.12
7084,62.66
7085,62.96
7086,62.86
7087,62.61
7088,63.97
7089,63.9
7090,64.13
7091,64.62
7092,65.44
7093,66.22
7094,64.93
7095,63.82
7096,62.82
7097,65.09
7098,66.33
7099,65.58
7100,64.69
7101,65.15
7102,63.48
7103,63.52
7104,64.7
7105,64.7
7106,61.65
7107,61.35
7108,60.12
7109,63.16
7110,62.87
7111,63.14
7112,62.78
7113,60.34
7114,60.36
7115,61.33
7116,63.23
7117,64.68
7118,63.76
7119,63.19
7120,60.99
7121,60.75
7122,60.75
7123,61.37
7124,59.41
7125,60.54
7126,61.67
7127,61.63
7128,60.24
7129,60.14
7130,59.03
7131,60.31
7132,61.65
7133,61.73
7134,59.06
7135,57.19
7136,54.72
7137,55.7
7138,57.83
7139,57.72
7140,57.63
7141,57.2
7142,57.34
7143,57.31
7144,56.38
7145,56.42
7146,55.94
7147,56.36
7148,55.76
7149,54.29
7150,54.07
7151,54.3
7152,54.73
7153,54.29
7154,53.29
7155,49.49
7156,49.08
7157,49.04
7158,47.8
7159,47.54
7160,48.3
7161,47.33
7162,48.29
7163,48.01
7164,47.79
7165,47.77
7166,47
7167,45.75
7168,45.63
7169,43.84
7170,41.59
7171,41.86
7172,41.76
7173,44.46
7174,47.97
7175,48.8
7176,47.67
7177,50.41
7178,48.59
7179,46.42
7180,48.88
7181,48.04
7182,47.77
7183,46.87
7184,45.87
7185,45.91
7186,49.35
7187,48.27
7188,47.28
7189,47.64
7190,46.69
7191,48
7192,47.06
7193,47.28
7194,46.04
7195,47.58
7196,47.29
7197,47.48
7198,46.55
7199,49.45
7200,51.34
7201,51.66
7202,52.13
7203,52.08
7204,50.95
7205,48.94
7206,48.25
7207,47.87
7208,48.96
7209,47.51
7210,46.93
7211,46.72
7212,46.59
7213,46.3
7214,46.57
7215,45.54
7216,47.6
7217,48.04
7218,48
7219,47.91
7220,48
7221,46.96
7222,47.19
7223,46.09
7224,45.38
7225,46.44
7226,44.98
7227,44.98
7228,41.98
7229,40.28
7230,41.28
7231,41.45
7232,42.22
7233,42.49
7234,43.7
7235,44.38
7236,43.56
7237,43.55
7238,43.07
7239,43.73
7240,42.97
7241,41.92
7242,42
7243,41.44
7244,39.69
7245,39.44
7246,39.04
7247,38.65
7248,36.99
7249,36.51
7250,37.66
7251,36.96
7252,36.29
7253,36.76
7254,35.34
7255,35.26
7256,35.79
7257,37.22
7258,37.08
7259,36.85
7260,35.65
7261,36.61
7262,36.28
7263,35.56
7264,33.89
7265,33.57
7266,31.67
7267,30.14
7268,29.14
7269,28.58
7270,28.84
7271,28.8
7272,27.36
7273,27.36
7274,26.01
7275,27.59
7276,30.46
7277,29.82
7278,30.94
7279,31.83
7280,33.01
7281,33.14
7282,32.45
7283,30.98
7284,32.38
7285,32.76
7286,32.35
7287,31.64
7288,30.15
7289,29.64
7290,28.82
7291,31.8
7292,31.09
7293,33.21
7294,33.2
7295,31.66
7296,33.59
7297,31.9
7298,31.5
7299,32.83
7300,35.76
7301,35.92
7302,35.73
7303,36.38
7304,35.75
7305,37.61
7306,39.02
7307,39.16
7308,40.26
7309,38.63
7310,39.41
7311,38.06
7312,37.49
7313,38.38
7314,39.29
7315,39.26
7316,39.91
7317,40.54
7318,38.84
7319,38.33
7320,38.33
7321,36.75
7322,36.75
7323,36.75
7324,36.42
7325,36.05
7326,35.88
7327,37.77
7328,37.15
7329,40.71
7330,41.58
7331,43.02
7332,42.81
7333,43.02
7334,41.32
7335,41.64
7336,43.02
7337,43.09
7338,43.48
7339,43.97
7340,42.97
7341,43.94
7342,44.17
7343,45.6
7344,45.64
7345,45.82
7346,43.09
7347,43.08
7348,44.39
7349,44.6
7350,42.43
7351,44.01
7352,46.08
7353,46.43
7354,47.05
7355,48.49
7356,48.71
7357,48.93
7358,47.01
7359,48.54
7360,47.77
7361,48.42
7362,48.87
7363,49.52
7364,49.09
7365,49.26
7366,48.81
7367,49.05
7368,48.5
7369,48.94
7370,49.76
7371,50.73
7372,50.59
7373,49.7
7374,49.36
7375,47.88
7376,47.47
7377,45.66
7378,46.57
7379,48.68
7380,48.18
7381,48.43
7382,48.63
7383,46.69
7384,45.07
7385,46.29
7386,48.4
7387,48.05
7388,47.65
7389,48.02
7390,45.64
7391,45.7
7392,45.93
7393,44.53
7394,44.04
7395,46.72
7396,44.67
7397,46.01
7398,46.25
7399,45.35
7400,45.7
7401,45.82
7402,44.99
7403,44.24
7404,43.76
7405,43.56
7406,42.78
7407,41.87
7408,40.76
7409,40.17
7410,40
7411,40.45
7412,41.33
7413,42.47
7414,43.24
7415,43.37
7416,42.19
7417,44.23
7418,45.12
7419,47.31
7420,48.27
7421,48.58
7422,49.46
7423,49.39
7424,48.1
7425,48.7
7426,47.56
7427,49.25
7428,49.66
7429,49.66
7430,47.94
7431,47.94
7432,45.05
7433,45.96
7434,46.72
7435,46.21
7436,47
7437,49.23
7438,48.37
7439,47.82
7440,46.48
7441,45.65
7442,45.83
7443,45.26
7444,46.04
7445,45.24
7446,45.99
7447,47.21
7448,46.71
7449,46.61
7450,44.95
7451,45.49
7452,48.43
7453,48.24
7454,48.61
7455,48.81
7456,49.57
7457,50.14
7458,50.49
7459,51.54
7460,50.48
7461,49.53
7462,49.29
7463,48.87
7464,49.31
7465,49.81
7466,51.85
7467,50.42
7468,50.28
7469,49.8
7470,49.08
7471,48.98
7472,49.13
7473,47.78
7474,46.2
7475,45.77
7476,44.26
7477,43.84
7478,43.06
7479,42.83
7480,43.47
7481,43.88
7482,43.67
7483,41.61
7484,41.83
7485,44.15
7486,45.07
7487,44.57
7488,44.41
7489,45.96
7490,46.1
7491,46.54
7492,47.54
7493,46.32
7494,46.64
7495,44.68
7496,47.95
7497,52.28
7498,52.35
7499,53.3
7500,52.31
7501,51.9
7502,51.6
7503,52.19
7504,53.99
7505,53.28
7506,53.15
7507,51.72
7508,54.15
7509,53.53
7510,54.56
7511,53.01
7512,54.04
7513,53.93
7514,54.95
7515,54.97
7516,54.96
7517,55.05
7518,54.57
7519,54.99
7520,55.9
7521,54.39
7522,53.2
7523,53.61
7524,54.51
7525,54.37
7526,54.3
7527,54.68
7528,53.77
7529,53.18
7530,55.04
7531,54.8
7532,54.7
7533,54.34
7534,55.89
7535,54.8
7536,54.77
7537,55.25
7538,55.79
7539,55.94
7540,55.92
7541,55.02
7542,53.79
7543,54.42
7544,53.98
7545,55.2
7546,54.15
7547,54.96
7548,54.57
7549,54.16
7550,54.48
7551,55.25
7552,56.34
7553,54.9
7554,55.82
7555,54.69
7556,54.65
7557,53.36
7558,55.72
7559,54.16
7560,54.12
7561,54.73
7562,54.61
7563,53.3
7564,50.65
7565,50.63
7566,50.1
7567,49.6
7568,50.63
7569,50.56
7570,50.58
7571,50.67
7572,50.14
7573,49.56
7574,50.17
7575,49.97
7576,50.12
7577,50.72
7578,51.36
7579,52.25
7580,52.2
7581,52.04
7582,53.08
7583,53.41
7584,53.62
7585,54.24
7586,54.79
7587,54.73
7588,54.75
7589,55.05
7590,54.79
7591,52.6
7592,52.43
7593,50.66
7594,49.93
7595,49.45
7596,49.37
7597,49.99
7598,49.46
7599,49.46
7600,50.41
7601,49.31
7602,48.82
7603,47.53
7604,47.45
7605,46.61
7606,47.06
7607,48.09
7608,49.18
7609,49.08
7610,51.29
7611,51.21
7612,51.76
7613,51.71
7614,52.78
7615,53.35
7616,53.19
7617,53.29
7618,52.25
7619,50.84
7620,52.25
7621,50.65
7622,49.4
7623,50.41
7624,48.46
7625,48.25
7626,48.11
7627,47.08
7628,46.3
7629,46.64
7630,47.18
7631,46.95
7632,45.47
7633,45.61
7634,45.7
7635,45.93
7636,43.98
7637,44.62
7638,44.46
7639,44.14
7640,44.09
7641,46.17
7642,46.45
7643,47.02
7644,47.08
7645,49.13
7646,49.15
7647,47.58
7648,48.53
7649,46.47
7650,46.57
7651,46.68
7652,46.73
7653,47.65
7654,47.89
7655,47.66
7656,47.92
7657,48.34
7658,48.54
7659,47.47
7660,47.81
7661,49.19
7662,50.08
7663,50.67
7664,52
7665,51.99
7666,50.77
7667,52.09
7668,52.88
7669,52.48
7670,51.42
7671,52.18
7672,52.16
7673,52.59
7674,51.47
7675,51.29
7676,49.9
7677,50.39
7678,50.37
7679,50.96
7680,51.94
7681,52.29
7682,52.31
7683,51.73
7684,51.87
7685,51.87
7686,51.64
7687,51.91
7688,52.69
7689,53.15
7690,52.6
7691,53.63
7692,54.48
7693,54.16
7694,54.55
7695,54.2
7696,55.06
7697,55.52
7698,56.76
7699,56.18
7700,55.5
7701,56.58
7702,57.2
7703,57.73
7704,58.16
7705,59.42
7706,59.77
7707,58.74
7708,58.8
7709,57.02
7710,55.67
7711,56.12
7712,56
7713,57.09
7714,55.5
7715,55.29
7716,56.62
7717,56.13
7718,56.13
7719,56.86
7720,57.49
7721,57.63
7722,58.05
7723,57.82
7724,57.89
7725,57.69
7726,57.84
7727,58.45
7728,58.75
7729,60.15
7730,60.65
7731,61.35
7732,60.98
7733,60.79
7734,61.42
7735,64.27
7736,64.36
7737,63.96
7738,64.49
7739,64.35
7740,62.94
7741,60.91
7742,61.25
7743,61.18
7744,61.34
7745,61.34
7746,62.28
7747,62.92
7748,63.27
7749,63.58
7750,63.25
7751,63.56
7752,63.74
7753,63.53
7754,64.57
7755,63.45
7756,63.45
7757,62.25
7758,62.37
7759,63.86
7760,65.62
7761,64.96
7762,63.66
7763,63.72
7764,63.81
7765,64.45
7766,63.69
7767,64.43
7768,64.64
7769,64.61
7770,66.03
7771,66.8
7772,66.73
7773,66.65
7774,67.85
7775,68.73
7776,68.01
7777,68.48
7778,69.08
7779,69.79
7780,70.36
7781,69.64
7782,70.31
7783,69.4
7784,69.19
7785,69.48
7786,68.56
7787,69.32
7788,69.81
7789,69.91
7790,71.08
7791,70.08
7792,68.41
7793,67.78
7794,67.78
7795,68.6
7796,67.45
7797,67.69
7798,66.75
7799,65.74
7800,64.26
7801,63.04
7802,62.2
7803,61.94
7804,62.29
7805,62.86
7806,64.3
7807,64.95
7808,64.68
7809,64.81
7810,66.12
7811,67.04
7812,67.96
7813,67.59
7814,66.08
7815,64.23
7816,64.26
7817,65.78
7818,65.67
7819,65.09
7820,63.87
7821,65.19
7822,64.53
7823,64.2
7824,63.61
7825,63.67
7826,64.68
7827,64.82
7828,66
7829,68.15
7830,68.98
7831,69.03
7832,68.81
7833,68.63
7834,68.13
7835,69.02
7836,69.02
7837,66.04
7838,66.54
7839,66.51
7840,68.19
7841,70.67
7842,72.74
7843,71.44
7844,73.18
7845,72.05
7846,71.71
7847,73.73
7848,74.85
7849,74.62
7850,74.54
7851,75.86
7852,73.79
7853,75.39
7854,75.33
7855,75.92
7856,74.85
7857,73.14
7858,73.45
7859,74.75
7860,74.16
7861,77.6
7862,77.59
7863,77.37
7864,78.17
7865,78.94
7866,78.19
7867,80.09
7868,78.38
7869,78.34
7870,80.42
7871,78.69
7872,78.9
7873,76.6
7874,74.51
7875,75.89
7876,76.45
7877,74.54
7878,73.41
7879,72.91
7880,73.23
7881,75.23
7882,75.11
7883,74.58
7884,74.86
7885,75.07
7886,74.77
7887,72.02
7888,74.87
7889,74.92
7890,74.25
7891,72.87
7892,73.67
7893,72.82
7894,73.58
7895,76.09
7896,76.26
7897,77.44
7898,76.71
7899,75.87
7900,76.99
7901,77.09
7902,74.98
7903,77.08
7904,77.8
7905,75.35
7906,72.11
7907,74.11
7908,71.03
7909,70.87
7910,70.52
7911,71.94
7912,71.99
7913,73.45
7914,73.53
7915,73.67
7916,74.51
7917,74.84
7918,74.99
7919,74.16
7920,72.28
7921,72.95
7922,72.48
7923,72.51
7924,72.31
7925,70.71
7926,70.55
7927,71
7928,70.62
7929,70.77
7930,68.38
7931,69.21
7932,70.14
7933,71.11
7934,71.65
7935,72.96
7936,73.73
7937,74.41
7938,74.41
7939,75.91
7940,76.07
7941,77.05
7942,76.94
7943,77.81
7944,77.51
7945,76.68
7946,75.67
7947,75.55
7948,76.77
7949,78.22
7950,80.02
7951,77.66
7952,77.87
7953,78.22
7954,79.25
7955,79.43
7956,79.03
7957,78.9
7958,80.89
7959,82.21
7960,81.87
7961,81.54
7962,82.72
7963,84.94
7964,85.63
7965,85.45
7966,86.07
7967,85.12
7968,84.22
7969,85.16
7970,83.82
7971,81.35
7972,80.71
7973,80.91
7974,80.53
7975,79.91
7976,80.3
7977,80.38
7978,80.45
7979,78.67
7980,77.34
7981,77.3
7982,77.4
7983,77.56
7984,75.68
7985,74.84
7986,71.25
7987,71.11
7988,72.68
7989,70.64
7990,70.1
7991,69.29
7992,69.01
7993,69.81
7994,65.45
7995,64.88
7996,65.61
7997,65.29
7998,64.14
7999,61.5
8000,61.65
8001,61.11
8002,57.69
8003,59.7
8004,59.58
8005,57.97
8006,58.29
8007,57.71
8008,60.17
8009,61.22
8010,61.4
8011,57.83
8012,61.71
8013,60.29
8014,59.73
8015,59.94
8016,59.03
8017,58.56
8018,57.59
8019,55.26
8020,55.6
8021,52.84
8022,51.93
8023,51.49
8024,50.57
8025,54.06
8026,53.23
8027,55.64
8028,57.1
8029,56.91
8030,59.46
8031,60.47
8032,59.24
8033,58.8
8034,58.65
8035,59.81
8036,59.85
8037,62.04
8038,62.18
8039,60.9
8040,61.05
8041,61.09
8042,61.49
8043,59.71
8044,60.98
8045,61.89
8046,62.46
8047,61.86
8048,62.26
8049,61.67
8050,62.22
8051,61.01
8052,61.37
8053,61.3
8054,62.58
8055,63.27
8056,64
8057,65.65
8058,66.41
8059,65.86
8060,66.82
8061,66.91
8062,66.91
8063,64.02
8064,64.51
8065,65.55
8066,65.03
8067,63.71
8068,64.44
8069,64.24
8070,64.51
8071,64.82
8072,65.66
8073,65.06
8074,65.33
8075,65.89
8076,66.18
8077,66.11
8078,66.65
8079,67.13
8080,68.35
8081,68.3
8082,66.29
8083,67.37
8084,67.51
8085,67.35
8086,66.08
8087,67.93
8088,69.08
8089,69.68
8090,69.21
8091,69.8
8092,69.93
8093,71.12
8094,71.02
8095,71.63
8096,71.3
8097,71.57
8098,70.9
8099,70.74
8100,71.14
8101,70.71
8102,70.71
8103,74.39
8104,73.59
8105,74.94
8106,71.03
8107,71.22
8108,72.19
8109,72.01
8110,70.56
8111,71.95
8112,71.95
8113,70.98
8114,71.09
8115,70.61
8116,71.63
8117,72.35
8118,72.53
8119,73.09
8120,74.7
8121,73.94
8122,73.21
8123,72.94
8124,71.94
8125,68.37
8126,67.98
8127,70.19
8128,70.64
8129,69.55
8130,66.78
8131,63.16
8132,63.56
8133,62.14
8134,62.77
8135,64.1
8136,64.31
8137,63.56
8138,61.66
8139,63.28
8140,63.13
8141,62.56
8142,63.35
8143,62.85
8144,65.44
8145,65.99
8146,65.16
8147,66.24
8148,66.85
8149,66.78
8150,67.52
8151,65.1
8152,62.72
8153,63.53
8154,63.62
8155,64.23
8156,64.89
8157,64.3
8158,66.41
8159,67.64
8160,66.65
8161,66.86
8162,65.87
8163,63.67
8164,60.7
8165,61.04
8166,61.96
8167,62.28
8168,63.83
8169,63.47
8170,62.46
8171,62.29
8172,62.55
8173,64.07
8174,62.9
8175,61.12
8176,59.32
8177,58.63
8178,55.03
8179,56.29
8180,57.37
8181,57.13
8182,59.9
8183,57.86
8184,57.37
8185,59
8186,59.79
8187,59.03
8188,60.6
8189,59.81
8190,58.64
8191,58.64
8192,58.44
8193,60.42
8194,60.59
8195,61.04
8196,58.55
8197,57.93
8198,60.68
8199,62.7
8200,61.28
8201,63.99
8202,64.67
8203,63.02
8204,60.76
8205,61.25
8206,68.42
8207,65.59
8208,64.29
8209,64.25
8210,65.23
8211,64.66
8212,64.13
8213,62.41
8214,62.08
8215,62.48
8216,60.99
